0.48,0.73,1.24,1.61,1.87,3.65,4.03,6.83,6.17,7.0,16.91,None
0.39,0.64,1.06,1.67,1.68,2.0,3.35,3.65,5.85,7.74,7.96,9.35,8.81,8.69,8.59,6.71,7.61,9.89,12.21,13.02,12.83,None,None
0.3,0.73,1.33,1.68,2.22,3.89,3.61,5.45,6.46,6.47,6.5,6.26,8.34,9.88,11.94,14.58,20.03,None
0.45,0.85,1.33,1.42,2.51,3.7,4.67,5.81,8.09,7.62,9.33,8.93,11.39,11.39,23.65,26.94,None
0.42,0.84,1.5,1.69,2.53,3.48,4.26,6.1,7.07,8.59,8.43,9.75,22.47,22.47,22.79,None,None
0.42,0.85,1.44,1.54,1.46,2.23,3.7,4.17,5.36,6.63,6.97,8.69,8.69,8.87,7.97,9.39,12.71,12.17,11.71,10.78,None,None
0.42,0.76,1.44,1.72,2.45,3.0,3.53,3.75,5.49,7.06,7.34,8.02,11.71,11.62,12.8,14.98,17.41,19.69,None
0.42,0.86,1.44,1.67,2.45,1.9,3.54,4.45,6.67,7.27,7.21,7.45,6.5,8.04,8.29,7.94,8.93,10.71,11.89,9.66,10.15,10.46,11.12,11.6,11.44,11.57,11.67,12.17,12.07,39.23,39.42,39.48,39.48,39.48,39.48,None
0.44,0.87,1.44,1.54,2.45,2.53,3.74,4.55,5.95,7.58,7.45,6.9,5.89,6.77,6.66,8.12,8.57,10.15,10.33,10.15,10.59,9.87,11.3,10.97,11.44,10.96,11.74,39.03,39.38,39.42,39.48,None,None
0.48,0.76,1.44,1.69,1.95,3.46,3.96,6.01,6.17,7.14,16.7,None
0.48,0.28,0.9,1.33,1.0,1.79,1.83,2.24,3.73,5.04,6.97,7.62,8.21,10.25,12.17,12.81,10.29,13.35,17.96,14.99,18.36,21.63,None
0.5,0.73,1.46,1.74,2.53,4.25,4.49,6.06,8.1,8.03,5.27,6.46,8.06,8.23,8.47,9.34,10.11,13.63,13.26,13.76,None
0.52,0.92,1.73,1.74,1.95,3.39,3.86,6.86,6.47,7.13,8.36,8.94,10.01,7.96,8.31,11.75,22.72,18.64,None
0.5,0.87,1.25,1.6,2.27,3.87,4.15,6.38,6.68,6.6,7.57,8.02,8.66,8.31,8.49,11.75,22.72,None,None
0.51,0.87,1.25,1.6,2.62,4.25,4.6,5.86,7.87,7.9,9.0,9.9,8.9,8.4,7.4,None,None
0.49,0.76,1.34,1.74,1.95,3.82,4.28,6.14,7.63,7.66,4.88,6.19,7.2,8.06,9.02,9.34,10.1,11.15,12.49,13.26,None,None
0.39,0.83,1.34,1.53,1.33,2.06,3.7,3.71,4.94,6.47,7.77,8.87,8.87,8.37,8.35,8.35,12.17,11.95,12.21,10.25,None,None
0.44,0.84,1.34,1.74,1.95,3.82,4.28,6.26,6.81,7.67,6.26,6.26,7.29,8.06,9.07,10.86,9.6,9.47,12.12,13.31,None,None
0.4,0.74,1.34,1.53,2.45,2.57,3.8,4.05,6.29,7.62,6.9,6.9,7.09,6.78,6.66,8.66,9.16,11.21,10.5,10.74,10.64,10.39,11.21,12.18,11.62,11.67,11.44,12.17,11.92,39.09,39.24,39.47,39.4,39.31,39.31,39.53,39.48,None,None
0.46,0.92,1.34,1.74,1.95,3.82,4.28,6.22,6.98,6.46,7.28,9.2,9.34,8.89,9.71,9.61,11.55,12.95,17.46,None,None
0.46,1.16,1.34,1.56,1.38,2.06,3.56,3.84,5.53,6.43,8.1,8.35,8.35,8.35,8.35,8.35,12.17,11.95,12.21,15.4,None
0.46,0.74,1.32,0.98,4.0,5.07,5.19,5.9,6.05,6.63,7.74,7.86,14.22,None
0.46,0.75,1.39,1.56,2.19,2.57,3.73,4.44,5.96,7.62,6.9,6.9,6.78,6.78,6.66,9.07,9.02,10.2,10.64,11.02,10.66,9.52,11.67,10.98,11.7,11.8,12.1,None,None
0.49,0.73,1.39,1.46,2.19,2.57,4.1,4.25,5.96,7.62,6.9,6.9,6.78,6.78,6.66,8.75,8.93,10.2,10.92,10.92,10.66,9.52,11.35,10.98,12.07,11.52,11.52,12.17,12.03,39.2,39.23,39.23,39.28,39.28,None,None
0.51,0.78,1.32,1.79,2.53,3.98,4.6,6.06,7.57,8.32,9.13,8.92,11.57,11.57,10.93,None,None
0.5,0.73,1.41,1.79,2.54,4.32,4.67,6.06,7.72,7.7,8.51,7.97,9.39,10.84,8.48,13.2,13.19,11.62,12.61,13.9,None
0.52,0.72,1.45,1.66,2.19,3.09,3.3,5.11,5.83,6.9,5.95,5.75,7.94,8.11,11.71,17.46,19.91,None
0.49,0.83,1.32,1.21,1.83,2.91,3.26,4.04,3.94,4.18,5.19,6.57,8.17,7.52,12.17,17.87,None
0.5,0.7,1.47,1.21,2.01,3.54,3.38,4.04,3.9,4.05,4.25,7.56,6.9,10.84,11.71,11.12,11.2,12.44,None,None
0.42,0.76,1.54,1.66,1.44,6.5,6.95,7.7,5.84,7.64,7.73,8.66,10.39,10.34,10.34,None,None
0.49,0.65,1.54,1.6,2.31,3.59,4.28,6.08,6.93,7.71,5.2,6.44,7.5,8.06,9.07,9.98,11.29,11.23,12.77,13.38,13.38,14.17,14.47,15.36,13.67,None
0.53,0.64,1.09,1.6,2.59,4.23,4.71,6.06,7.32,8.39,8.62,9.99,23.65,23.65,22.83,None,None
0.5,0.75,1.1,1.6,2.59,4.23,4.64,6.06,6.98,7.54,6.95,6.54,7.61,7.92,8.38,9.74,9.92,12.89,13.4,18.55,14.59,16.01,None
0.51,0.94,1.46,1.6,2.27,3.53,4.28,6.32,6.68,6.6,7.57,8.85,8.37,9.74,None
0.51,0.78,1.46,1.51,2.19,4.03,3.7,5.86,6.3,5.94,6.96,7.33,8.38,8.44,12.21,14.37,19.96,None,None,None
0.51,0.78,1.3,1.71,2.19,2.57,4.15,4.46,5.96,7.62,6.9,6.9,6.78,6.78,6.66,8.93,9.16,10.2,10.66,13.49,16.63,15.95,15.81,None
0.51,0.65,1.3,1.71,1.74,2.06,3.65,3.84,6.28,6.7,7.08,10.75,10.8,12.12,None,None
0.51,0.65,1.3,1.67,2.54,4.09,5.01,6.06,7.34,8.03,9.05,9.94,23.65,23.65,22.6,None,None
0.51,0.77,1.3,1.71,2.19,2.57,4.15,4.22,5.96,7.62,6.9,6.9,6.27,6.66,6.66,9.37,9.34,10.2,10.92,10.92,10.66,10.11,11.35,10.96,12.22,11.52,11.52,12.17,12.03,39.2,37.1,39.24,39.45,39.28,39.45,45.84,45.99,45.39,None,None,None
0.51,0.8,1.3,1.67,2.67,4.31,4.67,5.92,6.86,7.54,6.54,7.23,7.61,8.14,8.38,9.92,10.29,13.63,13.26,None,None
0.53,0.77,1.3,1.17,2.01,3.1,3.23,4.56,4.26,4.75,8.07,7.42,None
0.48,0.65,1.3,1.67,2.67,4.09,4.44,5.87,7.05,8.03,8.4,9.27,11.57,11.57,10.98,None,None
0.43,0.71,1.3,1.67,2.19,2.82,3.82,4.1,5.32,7.34,7.49,8.06,11.53,11.35,13.31,15.44,16.27,19.69,None
0.44,0.65,1.3,1.67,2.19,3.27,3.08,4.52,5.57,5.72,6.11,6.11,8.13,8.39,11.92,19.91,23.24,None
0.44,0.65,1.3,2.35,2.19,2.06,3.69,4.06,5.96,7.24,6.9,6.9,6.66,7.54,6.66,9.34,9.34,10.2,10.66,14.92,16.63,None,None,None
0.4,0.71,1.3,1.71,2.67,4.09,4.44,5.87,7.82,8.03,8.37,9.43,10.07,11.25,None,None
0.39,0.78,1.3,1.71,2.61,4.09,4.44,5.92,7.94,8.61,8.93,8.47,9.57,8.84,11.49,12.03,13.64,21.34,19.32,None
0.34,0.76,1.3,1.71,2.72,3.71,4.43,5.7,8.09,7.56,8.09,6.6,6.86,6.97,6.63,7.23,6.01,7.05,7.66,None
0.4,0.76,1.3,1.71,2.79,4.09,4.82,5.92,7.0,8.34,6.54,6.46,7.61,7.92,8.34,10.02,12.17,11.8,11.25,11.0,11.21,12.46,11.75,11.89,15.04,17.59,None
0.32,0.73,1.3,1.71,2.42,4.09,4.82,5.92,7.31,7.54,6.46,6.27,7.61,8.32,8.43,10.47,12.17,11.25,11.25,11.02,11.21,11.94,11.94,13.04,14.99,14.63,None
0.35,0.71,1.3,1.71,2.19,3.92,3.74,5.31,6.27,5.93,6.6,6.96,8.07,8.71,12.42,17.86,17.55,None
0.43,0.82,1.32,1.67,2.19,3.27,3.59,5.23,5.57,5.55,6.22,6.22,7.85,8.03,10.75,13.06,14.13,18.23,16.72,18.68,None,None
0.32,0.85,1.32,1.71,2.19,2.57,3.78,3.87,5.96,7.62,6.92,6.74,7.7,6.27,7.53,7.38,7.61,7.38,7.37,7.06,9.25,9.57,9.65,10.52,10.59,None
0.43,0.94,1.13,1.57,2.53,3.34,3.5,6.57,5.73,5.94,7.18,8.29,8.02,9.08,8.71,None,None
0.35,0.97,1.3,1.5,2.32,3.53,4.28,6.48,7.14,7.32,7.19,9.09,12.07,9.43,10.62,None
0.31,0.97,1.3,1.5,2.42,4.09,4.82,5.87,7.99,7.99,8.77,9.93,12.3,12.3,12.3,None,None
0.35,0.77,1.37,1.51,2.19,3.53,3.74,5.44,6.27,5.93,6.96,6.6,9.16,8.71,12.42,16.91,16.78,None
0.41,0.68,1.3,1.48,2.5,4.06,4.75,5.92,8.06,8.61,8.44,6.69,7.34,7.1,6.4,8.26,8.16,8.88,None,None
0.31,0.8,1.34,1.51,1.3,1.93,3.65,3.84,5.93,6.71,7.85,12.07,12.07,14.58,None,None
0.36,0.77,1.34,1.5,2.19,2.57,3.78,4.16,5.96,7.62,7.41,6.48,7.03,7.64,6.66,9.34,9.34,10.2,12.8,12.26,12.92,16.06,16.61,16.77,17.5,18.05,43.74,19.05,None,None
0.31,0.79,1.3,1.49,2.5,4.09,4.75,5.87,7.57,8.38,8.83,9.94,23.65,23.65,21.24,None,None
0.42,0.8,1.28,1.76,2.19,2.57,3.78,4.16,5.96,7.62,6.95,7.26,7.03,7.64,6.66,9.34,9.34,10.2,12.8,12.21,13.13,15.63,16.52,16.54,17.5,17.71,43.74,45.17,None,None
0.4,0.8,1.28,1.49,2.26,3.53,4.28,6.32,6.68,6.6,8.1,8.54,7.51,10.88,None
0.31,0.53,1.3,1.76,2.19,2.57,3.78,4.16,5.96,7.62,6.95,6.89,6.85,6.66,6.66,9.34,8.93,10.2,10.92,14.92,16.63,16.28,None,None
0.31,0.53,1.3,1.76,2.19,3.86,4.05,5.31,6.31,5.93,6.14,6.32,8.71,8.71,12.42,None,None,None
0.31,0.83,1.3,1.76,2.19,2.57,3.78,4.16,5.96,7.62,6.89,7.5,6.29,6.66,6.66,8.93,8.93,10.2,10.92,10.92,10.37,10.25,11.35,10.92,12.48,11.52,11.52,12.17,12.12,38.86,39.31,39.28,39.43,39.28,None,None
0.31,0.83,1.3,1.76,2.19,2.57,3.78,4.16,5.96,7.62,7.34,7.5,6.66,6.66,6.66,8.93,8.93,10.2,10.37,10.37,11.01,10.25,11.35,11.18,11.65,11.52,11.52,12.17,12.16,39.28,39.28,39.43,39.43,None,None,None
0.31,0.68,1.3,1.76,1.66,1.93,3.65,3.84,5.93,6.7,7.83,12.07,13.69,14.58,None,None
0.31,0.67,1.3,1.4,2.18,3.53,4.28,6.32,6.68,7.06,8.02,8.29,8.15,9.9,9.57,18.0,None,None
0.21,0.67,1.3,1.4,2.18,3.53,4.28,6.32,6.68,7.06,7.65,8.01,8.31,9.57,9.57,None,None,None
0.21,0.59,1.3,1.4,2.18,3.53,4.28,6.32,6.68,7.06,7.65,7.65,9.27,8.18,8.18,22.85,22.85,None,None
0.22,0.55,1.3,1.46,2.18,3.53,4.28,6.32,6.68,7.06,7.72,7.72,8.14,9.84,8.27,8.83,11.94,14.16,14.25,None
0.24,0.53,1.22,1.72,1.46,1.21,7.44,8.23,8.15,7.92,8.58,9.46,13.5,10.08,19.05,18.55,18.14,None,None
0.23,0.53,1.39,1.7,1.76,1.93,2.34,2.97,3.29,5.94,9.48,11.67,20.36,19.82,19.82,25.57,None,None,None
0.47,0.53,1.32,1.57,2.19,3.92,4.08,5.44,6.89,5.93,6.6,6.6,8.71,8.71,12.42,None,None,None
0.22,0.69,1.3,1.57,2.19,3.51,3.45,4.52,5.82,6.33,5.62,5.85,5.99,6.97,8.82,8.18,7.51,8.88,9.39,10.8,10.98,9.71,11.37,13.53,13.78,14.9,None
0.24,0.53,1.3,1.57,1.72,1.93,3.65,3.84,5.66,6.84,7.15,7.97,7.97,8.08,7.97,8.35,12.71,12.21,12.21,None,None
0.24,0.73,1.3,1.57,1.72,1.93,2.43,3.19,3.36,4.28,6.36,16.95,None
0.24,0.53,1.3,1.57,1.17,3.93,4.0,6.14,7.31,6.69,8.64,8.25,9.23,7.94,14.37,None
0.32,0.63,1.3,1.57,2.18,3.53,4.28,6.81,7.35,6.91,7.11,7.92,9.49,9.34,16.78,16.86,15.0,None
0.33,0.6,1.3,1.57,2.62,4.09,4.68,5.89,7.08,7.8,8.94,9.41,12.3,12.3,14.03,None,None
0.38,0.53,1.3,1.54,2.19,4.08,4.08,5.44,6.37,5.93,6.6,6.6,8.71,8.71,12.42,15.19,19.96,None,26.8,None
0.33,0.69,1.3,1.57,2.13,4.09,4.54,5.89,7.06,7.97,8.42,10.02,23.65,23.65,21.24,None,None
0.37,0.71,1.3,1.57,2.13,4.09,4.54,5.92,7.75,7.54,6.92,6.84,7.61,8.53,8.43,10.11,10.57,13.63,None,None,None
0.4,0.56,1.3,1.57,2.19,3.31,3.5,6.02,5.57,6.04,6.11,6.11,8.03,8.3,11.92,16.63,23.24,None
0.28,0.57,1.3,1.57,2.19,3.3,2.97,4.08,3.62,4.06,6.39,11.62,14.31,16.18,24.35,None,None
0.31,0.76,1.3,1.57,2.37,4.09,4.54,5.89,7.86,7.97,8.6,9.93,11.39,11.57,14.4,None,None
0.43,0.64,1.47,1.57,2.19,3.3,3.68,3.75,3.64,3.94,6.53,14.19,17.68,None,None
0.27,0.6,1.65,1.57,1.46,0.91,7.49,6.99,7.59,7.85,9.55,9.09,13.34,8.86,16.91,14.08,14.72,None,None
0.28,0.88,1.3,1.57,2.18,3.53,4.28,6.32,6.18,7.06,7.72,7.72,8.96,8.02,8.02,None,22.85,None,None
0.25,0.88,1.3,1.57,2.37,4.23,4.54,5.89,7.26,7.97,9.68,9.92,8.13,8.82,8.71,8.61,13.53,15.13,11.75,None
0.25,0.6,1.47,1.57,1.72,1.93,3.65,3.84,5.23,6.84,7.15,8.08,8.21,7.27,8.47,None
0.25,0.53,1.47,1.54,2.19,2.57,3.75,4.16,5.96,7.62,7.34,7.5,6.66,6.66,6.66,8.93,8.93,10.2,11.01,11.01,11.01,10.75,None
0.25,0.67,1.47,1.54,2.19,4.08,4.08,5.44,6.26,5.93,6.5,7.33,8.71,8.71,12.42,14.83,19.96,None,None,None
0.25,0.67,1.3,1.54,2.19,3.53,3.55,3.75,3.64,4.24,6.57,12.97,None,None,None
0.25,0.77,1.3,1.54,2.18,3.53,4.28,6.18,6.85,7.06,7.7,8.14,9.26,7.05,None,None,None
0.25,0.73,1.3,1.54,2.37,4.15,4.54,5.89,7.26,7.97,8.4,10.15,11.25,14.49,None,None
0.25,0.79,1.3,1.54,2.37,3.86,4.54,5.92,7.54,8.33,6.27,6.27,7.61,8.14,8.48,10.47,11.94,11.8,11.25,11.21,11.89,11.21,11.89,None,None
0.25,0.73,1.3,1.54,1.48,1.01,7.21,7.41,7.78,7.78,5.98,7.42,7.78,11.57,None
0.25,0.66,1.3,1.54,2.19,3.55,3.6,3.97,3.64,4.24,8.25,11.75,27.57,None
0.25,0.68,1.3,1.54,2.18,3.53,4.28,6.47,6.85,7.06,7.7,8.02,7.61,15.13,None
0.25,0.68,1.3,1.54,1.72,2.0,3.65,4.19,6.38,6.57,5.6,6.58,6.58,6.37,6.64,9.79,11.42,12.6,13.9,13.31,10.16,None
0.25,0.7,1.3,1.53,2.19,3.6,3.53,3.87,3.87,4.24,6.36,11.62,15.81,18.09,None,None,None
0.25,0.68,1.3,1.53,2.19,3.57,3.53,3.87,5.09,5.1,6.39,5.95,8.23,7.42,9.39,8.75,15.31,14.9,19.5,None
0.25,0.69,1.3,1.53,2.37,3.86,4.54,5.89,7.26,7.97,8.42,9.94,23.65,23.65,22.99,None,None
0.25,0.68,1.3,1.67,2.37,3.86,4.54,5.89,7.26,7.97,8.42,9.99,22.99,22.99,None,None,None
0.25,0.68,1.3,1.71,1.72,1.98,2.75,4.0,5.55,5.83,6.22,7.27,8.97,10.43,10.43,10.84,11.71,11.48,13.87,16.54,18.46,None,None,None
0.25,0.66,1.3,1.54,2.18,3.53,4.28,6.5,6.85,7.06,7.7,8.02,8.14,9.84,8.84,9.52,11.86,14.64,None,None
0.25,0.68,1.3,1.54,2.37,3.86,4.54,5.89,7.26,7.97,8.42,10.02,None,None,None,None,None
0.25,0.68,1.3,1.54,1.72,1.27,6.76,7.88,7.79,8.15,9.44,10.62,11.71,11.5,13.44,17.32,18.59,21.65,None
0.25,0.69,1.3,1.54,1.72,1.98,3.75,3.84,5.23,6.84,7.15,8.21,8.21,8.27,8.35,8.35,12.21,12.21,12.21,13.76,28.21,None,None
0.25,0.67,1.3,1.54,2.19,4.08,4.08,5.44,6.39,5.93,6.6,6.6,8.71,8.71,12.42,14.81,None,None
0.25,0.68,1.3,1.54,1.72,1.98,3.75,3.84,5.23,6.84,7.83,14.58,14.58,14.58,None,None
0.25,0.73,1.3,1.54,2.18,3.53,4.28,6.14,6.85,7.06,7.7,7.93,9.71,7.83,8.92,10.57,None
0.25,0.77,1.3,1.54,2.37,4.15,4.54,5.89,7.59,7.97,9.68,8.85,8.42,8.97,8.71,8.61,14.26,15.13,None,None
0.25,0.79,1.3,1.54,2.37,4.32,4.54,5.89,7.59,7.97,8.77,9.93,11.39,17.5,18.23,None,None
0.25,0.79,1.3,1.54,2.18,3.53,4.28,6.66,6.85,7.06,7.86,8.02,8.88,10.88,None
0.25,0.67,1.3,0.99,2.54,3.45,4.09,5.82,7.39,8.27,8.84,8.83,11.85,11.85,18.68,None,None
0.25,0.76,1.3,1.54,1.72,1.98,3.75,3.82,5.96,5.72,6.14,6.58,6.58,7.42,9.02,10.53,12.8,15.04,15.5,12.07,14.19,14.58,None,None
0.25,0.66,1.3,1.54,2.18,3.57,4.28,6.05,7.46,7.66,6.44,6.44,7.29,8.06,8.79,10.05,10.34,10.89,13.38,15.96,15.96,13.35,16.36,15.14,None,None
0.25,0.65,1.3,1.54,2.18,3.57,4.28,6.05,7.35,7.11,7.47,8.57,9.49,13.99,16.86,16.86,17.5,None
0.24,0.65,1.3,1.54,1.72,1.98,2.5,2.8,3.89,6.31,7.25,16.95,None,None,None
0.31,0.73,1.3,1.54,2.18,3.57,4.28,6.67,6.85,7.06,7.86,8.25,9.65,8.82,None,None,None
0.26,0.47,1.3,1.54,2.18,3.57,4.28,5.99,7.17,6.31,16.32,None
0.29,0.53,1.3,1.54,1.72,1.98,3.75,3.84,5.23,6.41,7.83,10.8,13.69,13.69,None,None
0.3,0.53,1.3,1.54,2.3,3.53,3.53,3.87,5.32,7.06,7.1,8.06,14.99,11.47,13.58,16.03,16.27,19.69,None
0.23,0.55,1.3,1.54,2.18,3.57,4.28,6.04,7.09,7.06,7.86,8.02,8.39,10.88,None
0.23,0.68,1.3,1.54,2.37,4.32,4.54,5.92,8.0,7.93,6.44,6.44,7.61,7.84,8.66,10.43,10.71,13.63,None,None,None
0.23,0.53,1.3,1.58,2.3,3.5,3.5,5.01,5.57,6.04,6.22,6.22,7.88,9.07,11.19,12.44,14.25,15.36,18.05,18.09,14.9,16.22,None,None,None
0.23,0.68,1.3,1.58,2.3,2.57,3.75,4.16,5.52,7.62,7.45,6.66,6.85,7.22,6.83,7.47,8.36,11.03,12.17,13.58,13.85,14.44,14.57,16.37,17.14,None,None
0.23,0.53,1.3,1.58,2.3,3.53,3.53,3.97,3.87,4.24,6.36,12.97,None,None,None
0.23,0.69,1.3,1.68,2.18,3.57,4.28,5.99,7.17,6.56,16.32,None
0.23,0.53,1.3,1.58,2.18,3.57,4.28,5.99,7.39,7.66,5.43,6.44,7.06,8.06,9.43,10.86,10.86,10.05,11.85,13.03,None,None
0.23,0.68,1.3,1.58,2.3,2.49,3.75,4.16,5.83,7.34,7.45,6.66,6.71,7.0,6.8,7.47,8.93,10.83,12.17,13.4,13.87,14.26,15.01,14.6,15.95,18.86,17.96,None
0.23,0.67,1.3,1.58,2.18,3.57,4.28,5.99,7.17,6.46,6.51,8.02,8.83,8.02,9.66,9.52,10.88,12.0,17.46,None,None
0.25,0.53,1.3,1.58,1.72,1.98,2.5,2.8,3.46,6.31,6.47,16.95,None
0.25,0.65,1.3,1.58,2.3,4.07,4.07,5.44,6.39,5.93,6.07,6.57,7.75,7.85,10.84,11.48,13.53,16.23,14.45,None
0.28,0.73,1.3,1.58,2.19,3.53,3.53,3.97,5.03,7.1,7.14,8.06,14.99,11.21,13.49,16.03,16.65,20.95,None
0.28,0.69,1.3,1.58,1.85,3.98,3.9,6.63,8.42,8.21,6.19,7.97,8.25,11.39,None,None,None
0.28,0.57,1.3,1.58,2.11,4.53,4.54,5.89,7.0,7.97,8.71,9.93,21.46,21.46,21.46,None,None
0.28,0.57,1.3,1.58,1.72,1.98,3.75,3.84,5.66,6.41,7.15,8.27,8.27,8.35,8.09,7.45,7.25,8.12,9.7,11.1,10.28,10.57,None
0.49,0.68,1.3,1.53,2.19,3.5,3.5,5.01,5.57,5.49,6.22,6.22,7.88,9.07,11.92,14.99,None,None
0.41,0.58,1.3,1.53,2.18,3.57,4.28,6.5,7.09,7.06,7.86,8.75,8.66,8.02,8.02,None,12.94,26.21,None
0.28,0.75,1.43,1.53,1.72,1.98,3.75,3.84,5.66,6.41,7.15,8.35,8.35,8.35,8.09,8.37,10.34,10.34,12.12,13.08,13.58,None,None
0.25,0.85,1.44,1.57,2.09,4.07,4.07,5.29,6.39,5.98,6.5,6.97,9.07,9.07,12.42,None,None,None
0.25,0.74,1.44,1.57,2.18,3.57,4.28,6.5,7.1,7.06,7.86,8.01,8.98,9.42,15.95,None,None
0.25,0.55,1.44,1.57,2.39,4.07,4.07,5.29,6.39,5.98,6.79,6.6,8.29,9.07,12.42,14.81,None,None,None,None
0.25,0.7,1.44,1.57,2.1,4.21,4.13,5.87,5.22,5.93,6.96,7.95,6.64,7.82,7.47,8.34,11.25,12.07,12.03,None,None
0.25,0.67,1.3,1.57,2.18,3.57,4.28,5.99,7.62,7.35,5.43,6.44,7.06,8.06,9.43,10.86,9.67,11.47,11.39,12.53,None,None
0.25,0.75,1.44,1.57,2.18,3.57,4.28,5.99,7.17,6.75,16.32,None
0.25,0.53,1.44,1.57,2.53,4.53,4.59,5.89,7.81,7.81,8.42,9.83,None,None,None,None,None
0.25,0.65,1.3,1.57,2.52,4.45,4.59,5.92,7.83,8.61,8.47,7.34,7.01,7.95,7.95,7.91,7.72,9.56,8.88,None
0.21,0.57,1.44,1.57,1.72,2.22,3.75,3.67,5.66,7.1,7.15,8.35,8.35,8.35,8.35,9.38,11.57,11.8,11.95,None,None
0.31,0.57,1.44,1.57,2.21,4.07,4.07,5.29,6.39,5.98,6.6,6.6,9.07,9.07,12.42,14.81,None,None,None,None
0.27,0.56,1.3,1.57,2.18,3.57,4.28,5.83,7.17,6.46,8.11,7.72,8.14,8.47,8.33,11.75,11.75,None
0.36,0.62,1.44,1.57,2.23,3.5,3.5,5.01,5.57,5.54,6.22,6.11,7.88,9.07,10.75,14.76,14.13,16.32,None,None
0.3,0.57,1.3,1.57,2.76,4.02,4.04,5.65,7.34,7.99,8.09,6.86,6.86,6.63,5.93,6.37,7.46,6.13,7.06,7.52,7.92,8.06,8.29,8.43,8.61,42.37,42.46,None
0.3,0.56,1.44,1.69,2.52,4.45,4.59,5.92,7.24,8.47,8.47,7.01,6.7,6.92,7.21,8.97,10.34,10.25,11.35,None,None
0.3,0.49,1.44,1.57,1.74,2.2,3.75,3.84,5.58,6.47,7.83,11.78,14.58,14.58,None,None
0.3,0.53,1.44,1.69,2.52,4.23,4.59,5.89,6.54,7.81,8.71,9.37,22.88,22.88,18.23,None,None
0.3,0.68,1.44,1.69,2.18,3.57,4.28,6.5,7.1,7.06,7.86,7.72,8.31,9.57,9.57,None,None,None
0.3,0.68,1.3,1.69,2.18,3.57,4.28,5.78,7.35,7.44,6.44,6.44,7.5,8.06,9.2,10.86,10.07,9.57,12.39,13.38,None,None
0.3,0.61,1.44,1.69,2.52,4.47,4.59,5.89,7.01,8.6,8.4,9.28,14.49,14.49,13.63,16.84,None
0.3,0.68,1.44,1.69,2.52,4.47,4.59,5.89,6.44,8.29,8.32,9.46,8.81,8.03,8.03,None,None
0.3,0.68,1.44,1.69,2.18,3.57,4.28,6.5,7.1,7.06,7.86,7.61,9.71,8.02,8.73,26.21,None,26.21,None
0.3,0.68,1.44,1.57,2.23,2.49,3.75,4.16,5.83,7.34,7.34,7.16,6.66,7.34,6.66,9.47,9.47,11.82,11.01,11.01,11.01,10.38,11.18,11.06,11.52,11.21,11.74,12.17,35.87,39.0,39.28,39.48,39.36,39.46,None
0.3,0.68,1.44,1.69,2.52,4.47,4.59,5.89,7.01,7.93,8.71,8.99,11.39,11.57,12.3,None,None
0.3,0.6,1.44,1.57,1.74,2.2,2.29,2.8,3.6,6.31,6.47,17.82,None
0.3,0.53,1.44,1.69,2.18,3.57,4.28,5.78,7.17,7.15,8.08,8.73,14.14,14.14,16.86,None,None,None
0.3,0.53,1.44,1.57,2.23,4.07,4.07,5.29,6.39,5.98,6.6,6.6,9.07,9.07,12.42,14.81,None,None,None,None
0.3,0.53,1.44,1.57,2.35,3.53,3.53,3.75,5.03,7.14,7.2,8.06,14.99,11.21,13.49,16.03,17.96,24.47,None
0.3,0.68,1.44,1.57,1.74,2.2,3.75,3.84,5.58,6.47,7.83,10.8,11.35,None,None,None
0.3,0.76,1.44,1.57,1.74,2.06,3.75,3.84,5.58,6.47,7.15,9.35,8.43,7.97,8.26,9.38,11.57,11.57,11.8,10.21,None,None
0.3,0.53,1.3,1.69,2.18,3.57,4.28,6.5,7.1,7.06,7.86,7.61,8.78,7.06,None,None
0.3,0.53,1.44,1.57,2.35,3.91,3.91,5.29,6.39,5.98,6.6,6.6,9.07,9.07,12.42,None,None,None
0.3,0.68,1.44,1.57,2.35,3.53,3.53,3.75,5.03,7.06,7.27,8.06,9.6,10.23,10.95,15.24,16.36,None
0.3,0.68,1.44,1.57,2.35,3.53,3.53,3.75,5.03,7.27,7.27,8.06,14.99,11.21,13.49,16.03,17.96,16.28,None
0.3,0.53,1.3,1.69,2.52,4.45,4.4,5.89,7.01,8.33,8.94,8.02,8.79,11.3,11.44,15.9,None
0.3,0.68,1.3,1.69,2.18,3.53,4.28,6.5,7.1,7.06,7.86,8.54,8.31,9.57,9.57,None,None,None
0.3,0.6,1.44,1.23,2.02,3.31,3.43,4.04,3.8,4.04,4.71,5.8,7.55,8.85,15.78,21.1,None
0.3,0.57,1.44,1.69,1.74,2.06,3.75,3.84,5.58,6.47,7.83,None,None,None,None,None
0.3,0.73,1.3,1.69,2.52,4.4,4.4,5.89,7.01,7.79,8.71,9.49,11.39,19.37,22.47,None,None
0.3,0.49,1.44,1.69,2.52,4.4,4.4,5.89,7.01,7.79,7.98,9.28,13.63,14.49,None,None
0.3,0.49,1.3,1.69,2.18,3.57,4.28,6.5,7.1,7.06,7.86,8.05,8.88,16.79,None
0.3,0.53,1.3,1.69,2.52,4.4,4.4,5.89,7.01,7.4,9.68,8.85,8.42,10.05,8.61,8.61,26.53,None,None,None
0.3,0.57,1.3,1.69,2.52,4.4,4.4,5.89,7.97,7.81,8.9,9.05,8.59,8.76,9.84,9.84,9.39,9.07,11.14,None,None
0.3,0.68,1.44,1.57,1.74,2.06,3.75,3.84,5.58,6.47,7.83,None,None,None,None,None
0.3,0.73,1.44,1.69,2.18,3.57,4.28,5.78,7.44,7.38,6.44,6.44,7.58,8.06,9.2,10.86,10.75,12.07,12.27,13.03,13.49,14.54,14.92,14.26,None
0.3,0.53,1.44,1.57,2.35,4.07,4.07,5.29,6.39,5.98,6.6,6.6,9.07,9.07,12.42,None,None,None
0.3,0.44,1.3,1.69,2.73,3.97,4.04,5.99,7.34,8.09,8.09,6.86,6.64,6.83,6.47,6.15,6.15,7.67,None
0.3,0.44,1.44,1.57,2.35,4.07,4.07,5.29,6.39,5.98,6.6,6.6,9.07,9.07,12.42,None,None,None
0.3,0.44,1.44,1.57,2.35,4.07,4.07,5.29,6.39,5.98,6.6,6.6,9.07,9.07,12.03,12.62,15.88,18.09,15.04,None
0.3,0.73,1.44,1.57,2.35,3.53,3.53,3.75,3.87,4.19,6.36,11.62,15.81,16.18,None,None,None
0.3,0.65,1.3,1.57,2.18,3.57,4.28,6.5,7.1,7.06,7.86,8.06,8.47,9.84,9.52,9.52,12.51,None,None,None
0.3,0.69,1.3,1.57,2.52,4.4,4.4,5.89,7.01,7.81,8.42,9.83,None,None,None,None,None
0.3,0.58,1.44,1.57,1.74,2.06,3.75,3.84,5.58,6.47,7.83,None,None,None,None,None
0.3,0.79,1.44,1.57,1.74,2.06,2.42,2.78,3.46,6.31,6.47,16.95,None
0.3,0.53,1.44,1.57,2.35,3.53,3.53,3.75,3.66,4.24,6.36,11.62,15.81,17.91,None,None,None
0.3,0.62,1.44,1.57,2.35,4.07,4.07,5.29,6.39,5.98,6.6,6.6,9.25,9.25,12.42,None,None,None
0.3,0.62,1.3,1.57,2.18,3.57,4.28,6.5,7.1,7.06,7.86,8.06,8.31,9.57,9.57,None,None,None
0.3,0.44,1.3,1.57,2.52,4.4,4.4,5.92,7.83,8.47,8.47,6.7,6.7,6.6,6.68,8.07,7.83,8.88,9.39,9.93,9.84,10.88,None
0.3,0.47,1.3,1.57,2.18,3.57,4.28,6.42,7.1,7.06,7.86,8.45,9.65,9.06,None,None,None
0.3,0.44,1.44,1.57,1.32,2.26,3.5,3.1,4.65,5.27,5.57,10.34,None
0.3,0.55,1.44,1.57,2.35,4.07,4.07,5.29,6.39,5.98,6.6,6.6,9.2,9.25,12.42,None,None,None
0.3,0.66,1.3,1.57,2.52,4.4,4.4,5.92,7.17,8.47,8.47,6.7,6.7,7.95,7.95,6.59,7.72,8.88,None,None
0.3,0.68,1.3,1.57,2.52,4.4,4.51,5.89,7.01,8.44,8.62,9.27,None,None,None,None,None
0.3,0.53,1.44,1.57,2.35,3.53,3.53,3.75,5.03,7.27,7.27,8.79,11.53,12.42,15.54,17.0,18.64,16.7,None,None
0.3,0.65,1.3,1.57,2.18,3.57,4.28,5.78,7.38,7.38,6.44,6.44,7.58,8.06,9.2,10.86,9.69,11.71,11.57,13.56,None,None
0.3,0.66,1.44,1.57,2.35,3.53,3.53,3.75,3.81,4.24,6.36,12.97,None,None,None
0.3,0.53,1.3,1.57,2.18,3.57,4.28,5.78,7.17,7.54,16.32,None
0.3,0.73,1.44,1.57,2.18,3.57,4.28,5.78,6.93,7.54,16.32,None
0.3,0.44,1.44,1.57,2.18,3.57,4.28,6.5,7.1,7.06,7.86,8.06,8.31,9.57,9.57,None,None,None
0.3,0.53,1.3,1.57,2.52,4.6,4.6,5.92,7.73,8.35,6.75,6.75,7.84,7.84,8.84,9.74,10.71,13.49,None,None,None
0.3,0.73,1.44,1.57,2.52,4.47,4.6,5.92,7.73,8.4,6.1,6.1,7.84,7.84,8.66,10.43,10.71,12.88,None,None,None
0.3,0.53,1.44,1.57,2.18,3.45,4.28,5.78,6.93,7.54,16.32,None
0.3,0.53,1.44,1.57,1.74,2.06,3.75,3.82,6.01,6.14,6.17,5.69,8.29,9.58,7.83,10.11,9.2,8.29,9.69,12.03,None
0.3,0.63,1.3,1.57,2.18,3.45,4.28,6.5,7.1,7.06,7.86,8.06,9.16,9.2,None,None,None
0.3,0.62,1.3,1.57,2.18,3.45,4.28,5.78,6.93,7.54,16.32,None
0.3,0.62,1.44,1.57,1.74,2.06,3.75,3.84,5.58,7.3,7.15,8.44,7.97,7.97,7.97,9.38,11.57,11.57,11.8,None,None
0.3,0.62,1.44,1.57,1.74,2.06,1.86,4.57,4.61,6.79,7.66,9.43,8.16,8.46,8.25,6.95,6.15,10.75,9.79,10.84,None,None,None
0.3,0.48,1.44,1.57,2.18,3.45,4.28,6.5,7.1,7.06,7.86,8.03,7.77,6.67,6.84,8.49,None,None
0.3,0.62,1.44,1.57,2.52,4.47,4.6,5.89,7.01,8.5,9.68,8.85,8.42,9.44,8.61,8.61,None,None,None,None
0.3,0.63,1.44,1.57,1.74,2.06,3.75,3.84,5.58,6.47,7.83,None,None,None,None,None
0.3,0.62,1.44,1.57,2.52,4.47,4.83,5.89,7.01,8.5,9.68,8.85,8.42,9.44,8.61,8.61,None,None,None,None
0.3,0.53,1.3,1.57,2.52,4.47,4.35,5.89,7.01,8.5,9.68,8.85,8.42,9.44,8.61,8.61,None,None,None,None
0.3,0.47,1.44,1.57,1.74,2.06,3.75,3.84,5.58,6.47,7.83,None,None,None,None,None
0.3,0.55,1.44,1.57,2.35,4.07,4.07,5.29,6.39,5.98,6.6,6.6,9.2,9.25,12.42,None,None,None
0.3,0.65,1.44,1.57,2.35,3.53,3.53,3.75,5.03,7.19,7.2,8.06,14.99,11.21,13.49,16.03,17.96,24.47,None
0.3,0.73,1.44,1.57,2.35,3.53,3.53,3.75,5.03,7.2,7.2,8.06,14.99,11.21,13.49,16.03,17.96,24.47,None
0.3,0.6,1.44,1.57,2.18,3.45,4.28,6.5,7.1,7.06,7.86,8.06,8.37,9.46,10.07,None,None,None
0.3,0.47,1.44,1.57,2.52,4.35,4.47,5.92,7.0,8.29,6.39,6.39,7.61,7.84,8.66,10.43,10.71,12.88,None,None,None
0.3,0.46,1.3,1.57,1.74,2.06,2.4,2.8,3.6,6.31,6.47,16.95,None,None,None
0.3,0.82,1.48,1.57,1.74,2.06,2.4,2.97,3.4,4.47,6.28,16.82,None
0.3,0.62,1.48,1.57,2.52,4.36,4.35,5.92,7.73,8.29,6.63,6.72,7.84,7.84,8.66,10.36,10.71,12.88,None,None,None
0.3,0.55,1.49,1.57,2.52,4.35,4.35,5.89,7.01,8.5,8.62,9.27,None,None,None,None,None
0.3,0.5,1.49,1.57,2.18,3.45,4.03,6.5,7.1,7.06,7.86,8.14,9.65,9.06,None,None,None
0.3,0.65,1.49,1.57,2.18,3.45,4.27,6.75,5.91,5.75,11.53,22.36,None
0.3,0.65,1.49,1.57,2.35,3.53,3.53,3.97,3.81,4.24,6.18,11.57,25.53,None,None
0.3,0.67,1.49,1.57,2.18,3.45,4.27,5.78,7.38,7.38,6.44,6.44,7.58,8.06,9.2,9.57,11.03,11.33,12.14,13.56,13.56,13.35,13.4,None,None,None
0.3,0.48,1.49,1.57,2.35,2.49,3.75,4.16,5.83,7.16,7.16,7.16,6.85,6.66,6.66,9.02,9.02,10.1,11.01,15.43,16.63,None,None,None
0.3,0.55,1.49,1.57,1.74,2.06,3.75,3.84,5.58,6.47,7.15,7.97,7.97,7.97,8.41,8.35,11.8,12.21,11.71,None,None
0.3,0.55,1.49,1.57,2.18,3.45,4.27,6.5,7.1,7.06,7.86,8.06,9.11,9.2,None,None,None
0.3,0.67,1.49,1.57,2.18,3.45,4.27,5.78,6.93,7.54,16.32,None
0.3,0.44,1.49,1.57,2.35,4.07,4.03,6.41,6.95,5.98,6.6,6.6,9.2,9.25,12.42,None,None,None
0.3,0.86,1.49,1.57,2.52,4.35,4.35,5.92,7.73,8.29,6.17,6.17,7.84,7.84,8.53,10.21,10.71,12.88,None,None,None
0.3,0.8,1.49,1.57,2.35,2.49,3.75,4.16,5.83,7.16,7.16,7.16,6.85,6.66,6.66,8.84,9.02,10.2,11.01,15.63,16.63,None,None,None
0.3,0.67,1.49,1.57,2.52,4.35,4.35,5.89,7.01,8.5,8.58,9.28,14.49,14.49,16.84,16.84,None
0.3,0.73,1.49,1.46,2.03,3.52,4.27,6.5,7.1,7.06,7.86,8.21,8.88,11.35,11.35,11.85,12.06,12.71,14.08,15.4,15.08,14.58,15.02,15.75,16.18,16.61,16.63,None,None
0.3,0.68,1.49,1.57,2.18,3.45,4.27,5.78,7.38,7.38,6.47,6.47,7.06,8.06,9.2,10.86,9.75,11.39,10.98,12.34,None,None
0.3,0.53,1.49,1.57,1.74,2.06,3.99,3.84,5.58,6.7,7.83,None,None,None,None,None
0.3,0.53,1.49,1.57,2.35,3.53,3.53,3.97,6.39,6.39,5.8,5.96,7.42,7.42,8.25,9.16,10.28,16.02,16.23,18.8,24.65,None,None
0.3,0.53,1.49,1.57,2.35,4.03,4.03,5.7,6.95,5.98,6.6,6.6,9.2,9.25,12.42,None,None,None
0.3,0.64,1.49,1.57,1.85,3.9,4.16,5.82,6.34,8.07,8.77,5.88,6.86,8.39,10.34,10.48,12.76,None,None
0.3,0.53,1.49,1.57,2.52,4.35,4.35,5.89,7.01,7.85,8.38,9.28,16.84,14.49,None,None
0.3,0.65,1.49,1.57,2.35,3.5,3.5,5.01,5.57,5.54,5.87,5.87,7.93,9.07,11.68,12.2,13.99,14.81,18.09,18.09,14.9,20.18,None
0.3,0.75,1.33,1.57,2.35,3.53,3.53,3.97,3.81,4.24,6.42,12.47,15.17,12.21,17.46,18.96,15.55,None,None
0.3,0.85,1.49,1.46,2.35,3.53,3.53,3.97,3.81,4.24,6.55,12.97,None,None,None
0.3,0.69,1.49,1.37,2.35,2.61,3.82,4.59,5.96,6.64,7.16,7.16,7.29,6.14,7.19,7.37,7.37,7.37,7.01,7.43,8.22,9.57,9.93,10.06,None
0.3,0.69,1.68,1.46,1.21,2.08,3.1,3.1,3.98,5.54,5.09,8.17,None
0.3,0.67,1.47,1.57,2.18,3.45,4.27,6.18,7.1,7.06,7.86,8.21,8.88,15.63,None
0.3,0.73,1.35,1.51,2.02,2.29,2.69,3.7,4.12,3.54,5.04,4.83,6.81,8.44,7.56,8.38,9.08,12.17,10.16,12.06,13.94,11.57,20.69,17.68,17.32,18.09,None
0.3,0.65,1.35,1.55,1.81,2.2,1.95,3.94,4.39,7.24,8.16,9.45,9.39,8.24,8.11,8.15,9.3,9.16,9.16,10.64,12.85,13.63,14.17,16.0,17.96,None,None
0.3,0.65,1.35,1.76,2.63,4.35,4.35,5.89,7.01,7.81,8.3,9.28,16.84,14.49,16.84,16.5,None
0.3,0.56,1.39,1.76,2.35,4.03,4.03,5.72,6.95,5.98,6.6,6.6,9.2,9.65,12.42,None,None,None
0.3,0.82,1.39,1.76,2.38,3.5,3.5,5.01,5.57,5.55,6.11,6.11,7.94,9.07,11.92,17.96,None,None
0.3,0.72,1.39,1.76,2.18,3.45,4.27,6.83,7.1,7.06,7.86,8.25,8.88,15.63,None
0.3,0.56,1.39,1.76,1.3,1.56,6.38,7.57,8.32,8.15,8.52,8.73,9.4,10.49,21.59,21.59,None
0.3,0.72,1.39,1.76,2.38,2.49,3.75,4.16,5.83,7.16,7.16,7.16,6.66,6.66,6.66,8.84,9.02,10.2,12.21,9.83,14.08,16.06,16.48,16.54,17.87,18.35,18.82,None
0.3,0.65,1.39,1.76,2.49,4.03,4.03,5.66,6.95,6.23,6.6,6.6,9.2,9.65,12.42,None,None,None
0.3,0.54,1.39,1.58,2.63,4.35,4.35,5.89,7.01,7.81,9.23,9.05,10.8,12.28,10.8,18.91,None
0.3,0.53,1.36,1.58,2.63,4.35,4.35,5.89,7.01,7.81,8.71,8.99,11.39,14.03,15.31,None,None
0.3,0.75,1.36,1.58,1.76,2.22,3.99,3.84,5.58,6.7,7.15,7.97,7.97,7.97,8.27,8.37,9.57,10.38,12.38,12.89,13.69,None,None
0.3,0.65,1.45,1.58,2.49,2.49,3.75,4.16,5.83,7.16,7.16,7.16,6.66,6.66,6.66,8.84,8.57,10.2,11.01,11.01,11.01,10.75,11.24,11.1,12.22,11.52,11.7,12.17,12.17,38.81,39.28,39.32,None,None,None
0.3,0.72,1.45,1.58,2.49,4.03,4.03,5.66,6.95,6.6,6.6,6.6,9.2,9.65,12.42,14.81,None,None,None,None
0.3,0.6,1.45,1.58,2.49,3.53,3.53,3.97,5.8,5.8,5.86,5.95,7.42,7.42,7.31,9.02,11.6,15.42,17.68,18.28,None,None,None
0.3,0.74,1.45,1.58,2.18,3.45,4.27,6.5,7.1,7.06,7.86,8.16,9.11,9.2,None,None,None
0.3,0.72,1.39,1.58,2.63,4.35,4.35,5.89,7.01,7.81,8.14,9.28,11.25,14.49,13.63,16.84,None
0.3,0.72,1.39,1.58,1.85,3.69,4.16,6.34,5.71,7.59,8.22,6.86,7.19,8.89,10.48,10.48,None,None,None
0.3,0.61,1.39,1.58,1.76,2.22,3.99,3.82,6.14,6.17,5.69,6.7,8.57,9.66,7.47,9.2,9.93,8.75,9.52,12.03,13.86,10.88,None
0.3,0.72,1.39,1.58,1.76,2.22,3.82,3.84,5.58,6.7,7.15,7.97,7.97,7.97,8.09,8.34,10.2,10.38,12.38,12.62,13.69,None,None
0.3,0.69,1.39,1.53,2.18,3.45,4.27,5.78,7.38,7.38,6.49,6.88,7.06,8.06,9.2,9.57,11.25,11.33,13.56,13.56,13.56,14.11,14.07,None,None,None
0.3,0.79,1.39,1.53,2.63,4.35,4.35,5.89,7.01,8.27,8.74,9.27,None,None,None,None,None
0.3,0.69,1.39,1.53,1.76,2.17,3.82,3.84,5.58,6.7,7.83,None,None,None,None,None
0.3,0.71,1.39,1.53,2.49,3.53,3.53,3.97,3.81,4.24,8.43,13.9,27.57,None
0.3,0.55,1.39,1.53,2.18,3.45,4.27,5.78,7.38,7.38,5.75,5.75,7.06,8.06,9.2,9.57,11.25,11.33,13.56,13.56,13.56,14.87,None,None,None,None
0.3,0.55,1.39,1.53,2.49,4.03,4.03,5.66,6.95,5.98,6.6,6.6,9.2,9.65,12.42,None,None,None
0.3,0.71,1.39,1.53,2.49,3.5,3.5,5.01,5.57,5.55,6.11,6.11,7.94,9.07,11.92,None,None,None
0.3,0.69,1.39,1.53,2.49,2.49,3.75,4.16,5.83,7.16,7.16,7.16,6.66,6.66,6.66,8.57,9.02,10.2,12.21,12.44,14.08,15.95,16.82,16.54,17.77,17.55,45.45,45.63,None,None,None
0.3,0.71,1.39,1.39,1.35,4.12,3.87,5.73,6.78,7.06,9.34,9.27,11.71,11.71,20.78,None,None
0.3,0.71,1.39,1.53,1.76,2.25,2.48,2.8,3.67,6.31,6.47,16.95,None,None,None
0.3,0.71,1.39,1.53,2.49,3.53,3.53,3.97,3.63,4.24,6.55,8.66,15.81,17.91,None,None,None
0.3,0.71,1.39,1.53,2.18,3.45,4.27,6.5,7.1,7.06,7.86,7.97,8.77,15.63,None
0.3,0.71,1.39,1.53,2.18,3.45,4.27,5.78,7.38,7.38,5.75,5.75,7.06,8.06,9.2,9.57,11.25,11.75,13.94,None
0.3,0.55,1.39,1.53,2.18,3.45,4.27,5.78,6.73,7.54,16.32,None
0.3,0.55,1.39,1.53,2.63,4.35,4.35,5.89,7.01,8.27,8.09,8.93,14.49,14.49,None,None
0.3,0.67,1.39,1.53,2.63,4.36,4.35,5.89,7.81,7.81,8.9,8.53,8.83,9.54,8.23,7.83,9.2,None
0.3,0.86,1.39,1.53,2.49,2.49,3.75,4.16,5.83,7.16,7.16,6.44,8.2,6.24,5.86,7.75,7.55,9.02,8.52,9.47,10.11,11.44,11.3,12.49,12.76,14.05,12.71,13.75,14.51,None
0.3,0.81,1.39,1.53,2.49,4.03,4.03,5.66,6.95,5.98,7.16,6.56,9.2,9.65,12.42,None,None,None
0.3,0.59,1.39,1.53,2.49,3.53,3.53,3.97,5.03,7.06,7.19,8.06,14.99,11.21,12.48,16.03,17.68,24.47,None
0.3,0.58,1.39,1.58,2.49,3.53,3.53,3.86,4.83,7.2,7.2,8.06,14.99,11.21,12.67,16.03,18.37,24.47,None
