0.43,0.42,0.47,0.47,0.49,0.49,0.57,0.58,0.54,0.59,0.29,0.22,0.0,0.83,0.46,0.89,1.77,1.45,0.67,1.04,1.46,1.14,0.96,1.43,4.72,4.39,7.01,1.62,3.53,6.51,6.15,6.19,6.1,5.37,5.37,7.6,7.42,5.83,8.1,None,None,None,None
0.34,0.34,0.43,0.43,0.44,0.44,0.45,0.45,0.89,0.38,0.16,1.88,-0.59,-0.08,-0.36,-0.39,-0.27,-0.14,-0.8,0.0,0.21,-0.14,-0.12,-0.74,-0.69,0.85,0.2,0.39,-0.58,0.52,-2.29,8.66,7.67,None
0.31,0.31,0.43,0.31,0.35,0.4,0.68,0.59,0.41,0.35,0.35,0.35,0.08,0.26,0.52,0.17,0.32,0.2,0.18,2.56,0.28,0.28,0.55,0.52,0.95,0.65,1.72,2.61,3.61,1.6,4.47,2.43,2.43,5.12,2.66,None,None
0.23,0.23,0.35,0.34,0.35,0.35,0.52,0.58,0.36,0.59,0.33,0.08,-0.48,-2.08,-0.49,-0.67,-2.18,-2.29,0.22,1.78,0.82,-0.64,0.34,-0.56,1.11,1.11,0.0,0.58,0.0,0.0,0.0,0.0,0.0,0.0,0.0
0.2,0.2,0.35,0.35,0.35,0.35,0.57,0.55,0.36,0.12,0.38,0.71,0.77,0.55,0.51,0.31,0.74,1.09,3.61,0.0,-0.08,-0.08,-0.17,0.19,0.07,0.39,0.33,0.13,0.13,0.27,0.28,0.85,0.98,2.53,2.41,1.8,3.01,2.73,2.5,2.5,1.81,2.21,3.57,3.41,2.6,2.2,3.62,4.1,3.94,4.85,7.59,7.61,4.46,4.28,4.67,34.94,34.89,35.31,35.45,35.51,35.51,35.54,None,None
0.28,0.16,0.32,0.32,0.32,0.36,0.36,0.57,0.36,0.15,-0.19,-0.09,0.07,0.61,-0.07,0.06,-0.46,-1.05,-0.51,-0.93,-0.99,-0.6,-0.58,-0.83,-1.23,-0.32,0.54,0.38,0.84,1.2,0.72,0.86,1.21,0.94,1.76,4.59,5.79,5.92,4.52,1.8,5.03,4.78,4.95,4.76,4.63,4.14,4.97,5.17,5.06,4.84,4.59,5.68,6.86,5.97,6.43,7.55,5.65,6.19,10.11,6.7,10.56,11.94,43.73,None
0.27,0.27,0.34,0.34,0.35,0.36,0.36,0.57,0.36,0.38,0.41,0.32,0.01,0.3,-0.21,-0.13,0.51,-0.13,0.82,-0.13,0.82,0.0,0.82,0.0
0.26,0.24,0.34,0.36,0.36,0.36,0.46,0.57,0.64,0.51,0.41,0.43,0.37,0.68,0.35,0.41,0.56,0.77,3.52,4.75,0.84,0.56,0.33,0.3,0.48,0.76,0.29,0.15,0.16,0.03,0.07,0.1,0.16,0.16,0.07,0.17,0.39,0.25,0.32,1.37,0.12,0.11,0.32,0.3,0.07,0.8,1.0,1.07,3.27,3.27,2.9,2.42,3.51,3.75,3.44,4.02,3.56,4.54,4.8,6.06,5.28,5.56,35.86,35.71,35.17,34.71,34.71,34.27,None,None
0.34,0.24,0.34,0.41,0.4,0.51,0.51,0.51,0.49,0.15,0.36,0.56,0.56,0.85,0.98,0.44,0.86,1.04,0.58,0.0,0.2,0.65,0.85,0.68,0.47,0.21,0.99,1.06,1.37,2.04,2.17,2.35,2.46,2.41,2.49,2.72,2.79,2.93,3.94,4.35,4.6,4.93,4.41,4.78,5.92,6.13,6.13,6.74,6.6,7.15,7.76,None,None,None
0.33,0.29,0.34,0.35,0.35,0.52,0.49,0.49,0.49,0.51,0.43,0.41,0.68,0.72,-0.03,1.0,1.34,2.13,4.37,1.27,0.75,0.89,1.16,3.48,2.12,3.14,3.2,3.47,4.44,4.17,5.33,5.08,4.82,5.75,4.01,4.97,5.52,4.91,6.06,5.6,5.42,5.31,5.37,5.3,5.82,5.81,5.81,5.33,5.33,6.65,6.8,6.8,7.87,7.5,7.75,7.03,8.3,7.08,7.11,7.33,11.85,None
0.35,0.29,0.39,0.34,0.35,0.49,0.41,0.49,0.49,0.51,0.41,0.83,0.78,0.78,1.0,1.0,1.07,0.61,4.37,0.62,0.17,0.11,0.21,0.3,0.21,0.24,0.45,0.37,1.92,0.18,3.58,4.8,4.88,3.91,4.54,4.43,3.72,4.71,4.84,5.38,5.69,5.68,5.61,6.39,6.12,6.14,6.8,6.82,6.66,8.19,8.19,39.54,None,None
0.36,0.29,0.39,0.35,0.55,0.49,0.49,0.49,0.49,0.51,0.4,-0.19,-0.11,-0.4,-0.45,-0.85,1.35,0.91,4.92,0.17,0.17,0.11,0.39,0.44,-0.11,0.45,1.13,4.01,2.18,3.53,3.3,3.03,5.14,4.68,5.32,4.13,4.52,5.37,5.42,4.71,4.5,5.24,5.39,5.2,5.46,6.09,6.08,5.9,6.13,6.31,6.28,7.69,6.95,7.34,7.05,7.74,7.63,39.47,39.39,39.47,39.75,None,39.72,None
0.34,0.29,0.38,0.39,0.39,0.48,0.41,0.49,0.49,0.51,0.29,0.78,0.78,0.78,1.05,1.05,1.07,0.61,0.62,0.62,0.11,0.21,0.48,0.12,0.18,0.27,0.43,0.49,0.5,0.72,1.43,1.13,1.5,2.21,1.81,1.61,0.96,1.41,1.63,1.91,1.72,0.82,1.53,4.88,5.07,5.32,5.34,5.33,6.9,6.6,6.66,7.03,7.01,None,None
0.32,0.29,0.39,0.35,0.35,0.49,0.49,0.49,0.49,0.51,0.4,-0.21,-0.4,0.89,0.66,0.66,1.22,1.87,1.65,4.61,5.58,5.58,5.92,6.06,6.48,6.53,6.04,6.48,5.65,5.84,8.2,6.71,6.34,6.23,5.29,6.27,None,None
0.34,0.29,0.43,0.59,0.71,0.35,0.49,0.49,0.49,0.51,0.29,0.78,0.78,0.78,1.05,1.05,0.61,0.61,0.67,0.67,0.42,0.57,1.75,1.26,0.23,2.95,5.12,5.98,5.71,7.25,7.65,8.07,7.61,7.84,8.48,8.75,8.84,8.43,8.52,9.71,8.79,10.25,9.11,8.25,8.97,8.71,None
0.36,0.29,0.38,0.59,0.49,0.49,0.49,0.49,0.49,0.51,-0.07,0.0,0.0,0.8,0.15,0.33,0.88,0.35,0.19,0.29,0.65,0.34,0.56,0.63,0.91,0.81,1.48,1.17,2.05,1.83,2.22,2.63,3.09,3.24,3.24,4.23,3.79,2.82,2.65,2.84,4.35,5.38,5.35,5.53,5.38,6.4,6.42,6.55,6.55,6.94,6.98,6.93,6.87,6.87,6.89,7.45,7.42,40.28,39.68,40.08,40.16,None
0.38,0.38,0.25,0.4,0.52,0.71,0.54,0.54,0.58,0.33,0.36,0.38,0.19,0.21,0.35,0.13,0.19,0.23,-0.06,0.05,0.58,0.42,0.4,0.4,0.42,1.41,2.71,2.47,2.48,1.52,1.94,2.72,1.82,2.1,2.18,2.18,2.51,4.79,4.71,4.96,4.83,5.09,4.89,4.78,3.93,4.12,5.08,5.29,5.31,6.59,5.71,5.45,6.71,6.07,6.29,7.16,7.03,7.24,38.81,38.95,38.95,38.29,45.51,45.59,None,None,None
0.32,0.3,0.44,0.34,0.33,0.35,0.64,0.49,0.49,0.51,0.67,0.0,-0.01,-0.01,0.19,0.07,0.48,0.48,0.66,0.72,1.38,0.87,1.74,5.26,1.77,2.05,3.51,6.1,6.83,None,None
0.36,0.3,0.44,0.49,0.49,0.49,0.49,0.49,0.78,0.62,0.4,-0.21,-0.4,1.08,0.78,0.75,0.84,1.35,1.34,4.89,5.92,5.92,5.65,6.03,5.22,6.63,6.03,6.07,6.45,6.26,5.87,6.1,6.14,6.26,4.94,4.96,5.32,5.74,5.69,38.12,38.12,38.2,38.36,38.42,38.45,38.53,44.25,44.47,None,None
0.35,0.3,0.44,0.49,0.49,0.49,0.47,0.49,0.49,0.62,0.4,-0.21,-0.4,0.78,0.84,0.84,1.63,1.55,2.21,2.46,4.42,3.57,4.15,3.62,3.94,2.19,4.51,5.75,5.75,5.36,5.69,7.29,7.77,10.57,10.57,10.57,None
0.34,0.3,0.44,0.34,0.49,0.49,0.64,0.64,0.54,0.62,0.55,0.55,0.21,0.22,0.37,0.25,0.09,0.28,0.12,0.1,0.88,0.73,3.75,1.11,1.65,1.95,1.99,1.99,2.16,2.47,1.84,4.92,5.45,5.75,5.75,5.87,5.69,5.21,5.8,4.91,4.75,4.38,4.89,6.06,8.26,9.15,16.22,17.64,19.29,None,None
0.4,0.3,0.44,0.34,0.53,0.54,0.54,0.54,0.54,0.62,0.08,-0.21,-0.24,-0.05,-0.17,0.03,0.03,-0.01,5.59,0.55,-0.08,0.39,0.39,2.76,-0.13,6.26,0.84,3.63,4.98,4.98,5.92,5.92,5.54,5.62,5.88,6.38,6.16,6.78,7.43,7.38,7.11,8.02,34.91,35.44,34.91,10.89,35.42,41.92,None,None
0.34,0.34,0.26,0.33,0.54,-0.03,-0.24,-0.29,-0.18,-0.18,-0.01,-0.03,-0.03,-0.09,-1.53,-0.51,-0.71,-0.15,0.01,-0.59,1.27,1.82,1.66,3.31,3.73,4.19,4.49,4.0,3.97,4.11,4.11,3.7,4.14,4.8,5.17,4.57,4.5,4.32,4.69,5.07,6.46,5.58,5.22,5.86,6.44,6.94,6.46,36.59,36.67,37.26,43.6,43.65,None,None
0.34,0.3,0.46,0.56,0.38,0.38,0.54,0.54,0.54,0.62,0.22,0.22,0.28,0.28,0.86,0.23,0.1,0.28,-0.03,0.03,0.39,2.03,2.88,3.21,3.77,3.77,3.81,3.67,4.19,3.91,4.08,4.35,4.43,4.39,4.41,4.4,5.02,5.28,5.0,4.86,5.32,5.39,5.68,6.68,6.37,6.84,6.57,4.87,35.64,35.33,35.92,35.91,35.72,35.92,35.79,35.86,35.87,41.98,42.55,42.38,None,None
0.34,0.26,0.39,0.4,0.48,0.48,0.54,0.54,0.54,0.3,0.78,0.56,0.98,0.98,0.98,0.97,1.25,1.34,0.69,1.05,0.75,1.03,2.32,0.29,-1.55,0.05,0.64,1.28,1.43,1.16,2.64,2.42,2.82,3.89,4.47,5.25,5.12,5.89,6.04,6.04,5.91,5.66,5.85,5.12,5.75,5.82,5.88,10.3,6.33,6.97,6.5,6.81,6.67,6.66,6.88,6.99,6.73,35.08,35.11,35.17,35.14,35.02,35.14,41.5,41.5,41.57,41.59,41.71,None
0.33,0.26,0.48,0.48,0.48,0.48,0.54,0.54,0.54,0.62,0.35,0.2,0.2,0.2,0.28,0.16,0.37,0.65,1.26,0.83,0.83,0.82,1.13,1.54,1.21,1.12,1.53,0.57,1.62,1.9,2.52,4.65,6.77,None,None
0.28,0.27,0.38,0.39,0.43,0.43,0.54,0.54,0.54,0.17,-0.21,0.07,0.12,1.68,2.22,1.96,2.12,2.37,2.8,3.08,2.36,2.76,3.41,3.35,2.64,4.17,2.93,2.12,3.12,3.12,3.16,5.08,3.4,5.02,5.03,5.02,5.53,6.13,6.15,7.07,5.48,5.92,6.9,6.57,7.0,6.91,6.52,6.53,8.06,7.99,7.74,6.95,7.24,7.36,7.44,7.6,6.91,7.09,7.5,39.44,39.05,39.46,39.44,39.69,None,None
0.34,0.34,0.41,0.34,0.45,0.45,0.54,0.47,0.53,0.62,0.01,-0.11,-0.47,0.73,-0.03,0.03,0.12,0.47,0.16,0.0,0.4,0.53,0.7,0.42,0.18,0.67,1.79,4.5,1.25,1.37,4.9,1.89,2.64,2.69,2.77,2.43,3.11,3.76,3.92,4.68,5.32,4.87,4.3,5.26,5.71,6.04,6.99,7.42,6.89,7.38,7.67,40.24,40.28,40.13,None,None,None,None
0.29,0.18,0.35,0.35,0.35,0.4,0.64,0.49,0.58,0.62,0.35,0.2,0.2,0.28,0.28,0.16,0.39,0.48,0.27,0.27,0.23,0.32,1.33,0.52,0.01,0.39,0.94,1.0,1.46,1.39,3.08,1.0,2.2,3.03,3.6,4.78,6.46,5.92,6.42,6.15,7.49,7.27,6.15,6.58,37.82,41.15,41.15,41.2,None
0.29,0.18,0.35,0.38,0.39,0.4,0.56,0.55,0.55,0.38,0.37,0.68,0.96,0.12,-1.02,-0.24,-0.17,0.04,-0.29,0.04,1.53,1.15,0.87,2.42,1.63,2.18,1.92,1.83,2.84,2.45,2.9,2.9,3.3,2.78,2.72,3.39,5.51,4.22,4.32,4.86,5.35,5.58,5.7,5.82,5.71,5.53,5.2,5.9,6.44,6.37,5.85,3.59,3.9,4.89,40.0,40.2,40.03,40.21,40.26,None,None
0.29,0.18,0.39,0.29,1.27,0.46,0.61,0.61,0.49,0.62,0.35,0.28,0.28,0.28,0.28,0.16,0.25,0.21,0.27,0.2,0.1,0.52,0.26,0.29,0.94,0.94,1.59,1.02,1.34,0.96,2.32,1.52,1.96,1.28,1.55,1.52,1.38,0.85,2.06,2.03,3.13,3.25,4.04,4.27,4.27,4.1,3.79,4.08,5.56,5.48,4.98,5.58,5.46,5.13,6.72,7.31,7.19,7.53,7.96,7.78,8.16,36.04,39.65,39.63,40.04,None,None
0.29,0.18,0.35,0.46,0.46,0.46,0.61,0.61,0.49,0.62,0.67,0.78,0.78,0.78,0.89,0.89,0.61,1.16,3.06,4.61,4.61,5.51,6.38,8.15,8.17,7.73,8.93,11.1,9.89,11.0,10.53,10.73,10.75,10.71,11.71,37.14,9.91,None
0.29,0.28,0.39,0.39,0.42,0.43,0.68,0.68,0.68,0.62,0.35,0.28,0.28,0.28,0.28,0.39,0.18,0.02,0.53,-0.03,0.11,0.37,0.31,0.4,1.68,5.09,5.09,6.36,6.92,6.65,6.88,6.89,7.44,None
0.29,0.28,0.39,0.39,0.46,0.46,0.64,0.52,0.68,0.62,0.55,0.55,0.55,0.78,0.89,0.89,0.57,0.44,3.14,4.14,6.38,6.38,6.38,8.3,8.17,7.65,8.93,10.33,9.93,10.21,10.11,10.39,10.84,10.8,12.88,12.41,43.91,43.96,44.07,44.18,44.25,None,None
0.29,0.28,0.39,0.37,0.37,0.4,0.59,0.6,0.58,0.62,0.55,0.55,0.55,0.78,0.89,0.89,0.53,0.61,0.96,0.47,2.22,5.31,5.01,5.17,5.46,4.64,5.47,4.22,5.51,5.85,5.85,5.44,5.62,5.77,6.13,5.68,6.33,7.16,6.77,7.29,6.83,6.88,None
0.29,0.28,0.39,0.39,0.42,0.53,0.42,0.48,0.39,0.55,0.35,0.28,0.28,0.28,0.28,0.18,0.25,0.18,0.06,0.08,0.15,0.12,0.2,0.31,0.08,1.1,0.65,1.19,-0.01,1.26,0.46,1.36,1.36,1.69,1.58,1.4,2.08,1.99,2.19,2.19,3.33,3.87,3.94,3.25,3.81,4.67,4.07,3.82,4.55,4.74,4.6,3.45,4.97,4.67,5.39,5.66,6.46,6.46,6.65,5.82,5.82,7.28,9.93,6.8,7.89,7.2,7.2,None
0.29,0.28,0.34,0.48,0.37,0.48,0.6,0.6,0.39,0.55,0.4,-0.21,-0.4,0.84,0.68,0.68,1.1,2.21,2.58,3.07,3.58,4.06,4.45,5.37,4.22,None
0.29,0.28,0.39,0.39,0.39,0.6,0.6,0.6,0.39,0.55,0.4,-0.21,-0.4,-0.4,1.35,-0.18,0.87,1.69,3.07,0.65,0.97,1.16,0.82,1.87,0.55,1.41,1.66,1.7,2.38,2.29,2.49,2.79,2.27,3.31,3.83,4.04,4.18,4.45,0.38,4.4,5.02,3.66,4.39,5.5,5.5,5.51,5.62,5.46,5.7,6.33,6.25,4.67,6.08,5.62,6.66,6.72,6.6,6.7,6.97,6.96,6.96,6.34,6.42,7.53,7.78,7.79,7.85,8.45,40.69,9.02,40.41,40.92,None,None
0.29,0.28,0.34,0.48,0.37,0.4,0.6,0.6,0.39,0.09,0.16,0.46,0.51,0.51,0.62,0.44,0.38,0.38,1.08,0.0,1.26,0.74,1.35,1.09,1.32,3.99,1.46,0.92,2.33,3.04,2.66,2.82,2.17,1.98,2.0,1.89,2.73,2.35,2.37,3.58,2.45,2.07,2.58,2.75,3.51,3.68,5.32,5.64,6.66,5.82,7.06,7.08,7.06,7.1,7.27,7.19,7.21,7.21,7.39,7.45,None,None
0.29,0.28,0.33,0.37,0.37,0.46,0.6,0.6,0.39,0.55,0.07,-0.13,0.01,0.54,3.62,3.31,3.65,2.43,2.62,2.97,2.19,3.46,4.63,4.87,4.99,4.96,5.13,6.64,5.84,5.8,5.75,5.6,5.52,5.76,5.32,5.7,6.46,6.63,6.76,34.53,34.71,34.88,34.89,34.88,40.96,40.98,41.42,41.42,None,None
0.29,0.28,0.39,0.39,0.39,0.39,0.54,0.6,0.39,0.55,0.16,-0.46,-0.46,0.41,-0.27,-0.05,0.1,0.02,0.65,0.03,0.06,-0.08,0.73,1.26,1.35,1.18,1.4,1.89,1.63,2.26,2.64,2.84,2.35,2.68,2.75,3.66,5.76,5.76,3.58,3.0,6.16,5.69,5.69,None,None
0.3,0.28,0.39,0.39,0.39,0.39,0.6,0.65,0.65,0.35,0.35,0.01,0.34,0.28,0.17,0.46,0.24,0.25,-0.11,0.5,0.22,0.6,0.77,0.04,0.97,0.87,1.56,1.82,1.43,1.57,1.57,2.48,3.34,4.67,1.75,2.32,3.13,4.55,3.76,7.38,7.76,5.83,None
0.32,0.28,0.39,0.6,0.6,0.65,0.65,0.65,0.65,0.28,0.95,0.17,0.0,-0.14,0.08,0.01,0.3,0.21,0.31,1.11,2.8,3.65,3.09,2.61,2.8,3.01,2.55,2.96,2.99,2.63,3.21,3.5,3.56,3.75,5.32,4.39,4.12,3.13,4.73,5.14,4.98,5.56,6.31,6.32,6.83,7.03,6.58,6.5,7.03,7.92,6.19,38.97,None,None
0.3,0.28,0.39,0.59,0.48,0.48,0.65,0.65,0.65,0.28,0.35,0.28,0.33,0.25,0.38,0.2,0.25,0.07,0.23,0.46,0.84,1.82,2.21,7.05,1.12,1.73,2.71,3.39,2.23,3.11,3.72,4.13,4.15,4.59,5.08,5.53,5.6,6.74,5.06,5.23,6.72,6.24,6.77,7.03,8.22,6.45,6.65,6.41,None
0.3,0.28,0.39,0.37,0.37,0.3,0.67,0.67,0.67,0.36,0.36,0.36,0.85,0.62,0.86,0.47,0.6,0.76,2.31,1.11,1.43,7.61,0.42,-0.78,3.72,3.36,3.58,3.79,5.27,5.27,5.39,4.11,5.8,5.87,4.63,4.39,5.06,4.89,4.63,4.66,4.99,5.52,5.31,4.79,5.42,5.42,5.33,5.48,5.65,5.73,6.06,6.19,6.31,6.8,35.99,35.99,None
0.3,0.28,0.39,0.37,0.37,0.4,0.64,0.64,0.28,0.28,0.92,-0.46,-0.4,-0.05,-0.05,0.5,0.21,0.37,-0.1,-0.42,3.0,1.92,2.23,2.27,2.12,2.13,1.19,1.79,1.6,3.45,3.0,2.69,2.9,2.51,3.58,3.86,4.51,3.57,3.25,3.13,4.81,4.6,4.64,3.54,4.55,4.66,6.67,5.48,5.16,None
0.3,0.25,0.3,0.42,1.03,0.71,0.59,0.33,0.42,0.52,-0.14,0.08,0.14,0.03,0.48,0.3,0.26,0.57,0.38,3.57,0.68,0.29,1.48,2.4,3.05,1.53,2.19,2.11,1.91,3.29,2.64,3.74,3.59,3.48,3.63,3.83,5.67,4.88,4.87,4.93,5.04,4.96,5.57,5.47,5.92,4.77,5.26,6.62,5.1,5.82,6.39,7.13,6.21,6.44,6.97,37.24,37.24,37.12,36.89,36.83,37.27,42.78,43.66,42.9,43.71,None
0.3,0.28,0.39,0.37,0.37,0.49,0.64,0.64,0.64,0.35,0.35,0.25,0.25,0.38,0.17,0.23,0.12,0.13,0.1,0.29,1.51,1.11,1.31,1.21,1.65,1.65,3.78,0.53,3.49,2.06,2.12,3.99,4.26,5.88,6.5,5.55,5.55,7.47,7.56,6.64,7.0,7.75,7.75,9.51,9.74,9.57,9.75,9.66,10.1,10.66,11.53,12.47,12.76,13.71,13.89,9.56,None,None
0.3,0.3,0.39,0.4,0.4,0.4,0.64,0.64,0.64,0.28,0.22,0.21,0.11,-0.01,2.05,2.85,3.9,3.93,3.45,4.12,4.6,4.04,4.36,4.4,6.97,6.53,6.98,7.43,7.56,7.92,8.43,8.84,9.11,9.52,9.75,10.07,10.34,10.33,10.53,10.75,None,None
0.29,0.29,0.39,0.39,0.39,0.39,0.64,0.64,0.64,0.6,0.5,0.55,0.55,0.42,2.68,2.62,2.52,3.92,2.79,2.38,1.81,5.4,4.71,3.37,3.59,5.12,4.83,5.03,6.31,6.22,6.29,5.84,5.23,4.8,5.03,5.01,4.92,5.43,5.95,5.85,5.6,5.68,5.99,7.56,7.24,7.65,8.02,37.18,37.18,37.19,37.65,37.7,12.58,None
0.31,0.21,0.31,0.42,0.42,0.59,0.59,0.27,0.26,0.64,0.06,0.12,0.79,0.84,0.21,0.15,0.42,0.34,0.07,0.28,0.13,0.28,0.43,0.91,0.5,1.14,0.91,0.21,0.62,1.31,1.74,1.62,1.67,1.93,2.2,1.97,2.82,3.25,3.24,3.73,4.13,4.83,5.24,5.21,7.78,7.23,7.19,8.26,8.0,7.77,7.5,7.14,7.68,7.6,7.54,8.0,36.46,7.22,36.25,42.82,42.89,43.23,None,None
0.28,0.28,0.39,0.39,0.39,0.39,0.56,0.55,0.53,0.34,0.35,0.2,0.25,0.27,0.38,0.24,0.24,0.36,0.07,0.77,0.24,0.39,0.46,0.92,1.22,1.49,1.38,-0.27,2.22,2.22,4.28,3.43,3.2,5.0,4.68,5.24,5.71,5.75,5.36,4.72,5.31,5.88,5.26,5.81,6.63,6.42,6.28,5.39,5.1,35.54,35.71,35.82,35.92,35.87,35.92,42.29,42.24,None,None,None
0.3,0.28,0.39,0.4,0.4,0.4,0.53,0.34,0.53,0.39,0.21,0.21,-0.22,-0.55,0.22,0.44,0.37,1.63,0.52,2.23,2.23,5.13,2.28,2.69,3.46,3.27,3.48,2.96,2.44,3.18,3.07,2.93,5.63,4.22,4.78,5.84,5.5,5.8,6.0,6.19,6.11,6.1,6.06,6.66,6.39,6.6,5.79,5.69,5.34,34.92,34.56,34.55,35.12,35.2,35.22,35.18,35.23,41.55,41.55,41.6,41.64,41.68,None
0.28,0.28,0.39,0.4,0.4,0.4,0.53,0.39,0.53,0.43,0.21,-0.13,-0.07,0.31,0.6,0.08,0.28,0.31,0.31,0.63,0.67,0.31,0.69,0.49,1.35,0.4,0.9,0.43,0.9,0.63,1.11,1.57,0.83,0.46,1.92,1.83,2.0,1.67,2.05,2.64,3.41,3.73,3.85,3.36,2.87,4.91,4.43,4.83,4.51,4.55,4.55,5.98,None,None
0.28,0.25,0.34,0.32,0.35,0.39,0.53,0.39,0.53,0.39,0.39,-0.01,-0.28,0.19,0.67,1.22,1.22,0.62,0.9,0.9,1.38,0.68,1.38,1.77,1.77,3.51,3.51,6.73,7.2,None,None
0.3,0.28,0.45,0.34,0.33,0.39,0.53,0.39,0.53,0.39,0.79,0.04,0.35,1.47,1.95,2.08,2.97,3.74,3.69,4.28,5.26,6.05,6.64,6.49,6.43,6.09,5.48,5.38,5.71,5.46,5.82,5.93,4.92,5.32,5.51,5.55,5.92,6.73,7.23,7.54,7.49,7.06,7.75,7.9,8.93,40.74,None,None
0.29,0.28,0.4,0.34,0.35,0.37,0.53,0.39,0.53,0.39,-0.03,0.87,-0.5,-0.52,-1.25,-0.75,-0.46,-0.51,-0.59,-0.69,-0.53,-0.67,0.31,0.73,-0.37,0.19,1.96,0.37,-0.31,-0.16,0.8,0.02,0.45,0.17,0.16,0.0,0.11,0.01,0.05,0.05,0.11,0.03,0.04,0.18,0.02,0.06,0.07,0.07,0.09,0.08,0.04,0.03,0.04,0.01,0.06,0.0,0.01,0.0,0.0,0.04,-0.01,-0.01,0.03,0.02,-0.07,0.0,0.01,0.07,0.07,0.05,0.03,0.08,0.06,0.1,0.05,0.05,0.01,0.04,0.05,0.08,0.07,0.0,0.01,0.02,0.03,0.04,0.02,0.08,0.05,0.06,0.09,0.09,0.07,0.03,0.01,0.0,0.09,0.05,0.08,0.11,0.07,0.0,0.01,0.02,0.01,0.02,0.01,0.02,0.0,0.0,0.0,0.0,0.03,0.01,0.01,0.01,0.0,0.01,0.0,0.0,0.0,0.0,0.01,0.0,0.0,0.0,0.0,0.0,0.0,0.0,0.0,0.0,0.0,0.0,0.0,0.0,0.01,0.01
0.33,0.3,0.34,0.34,0.37,0.37,0.53,0.39,0.53,0.39,0.56,0.03,-0.08,0.55,0.53,0.53,0.9,0.66,1.35,0.78,1.38,0.8,0.85,1.82,0.67,0.42,0.59,1.74,1.43,1.14,1.47,1.34,2.05,2.13,2.7,2.99,2.27,2.01,1.91,2.14,3.04,4.3,4.0,4.9,4.89,4.6,4.31,4.75,4.19,4.16,4.09,5.12,5.05,4.84,5.27,5.48,5.43,5.76,9.32,9.32,None
0.33,0.28,0.37,0.34,0.39,0.39,0.53,0.39,0.56,0.56,0.35,0.27,0.27,-0.36,-0.3,0.84,0.06,0.56,0.6,1.37,1.05,0.99,1.7,0.43,0.7,1.94,1.41,2.35,3.8,4.1,4.1,2.71,5.02,4.28,5.07,4.44,5.64,5.44,4.95,4.31,6.5,6.64,6.27,5.45,6.93,6.49,6.13,6.93,5.61,6.42,6.89,5.78,5.8,5.87,5.92,None,None
0.33,0.28,0.39,0.34,0.39,0.39,0.48,0.62,0.53,0.53,0.62,0.62,0.86,0.86,0.86,0.64,0.85,0.75,1.16,0.0,-0.05,-0.07,-0.07,-3.96,0.0,0.16,0.13,0.47,0.13,0.1,0.27,0.42,0.53,1.44,1.21,1.51,2.8,4.36,4.57,4.76,4.81,4.65,4.65,4.82,5.5,5.08,5.35,6.01,6.16,5.54,4.65,5.83,6.51,9.56,8.51,7.18,9.24,35.97,35.56,42.12,42.39,None,None
0.29,0.28,0.45,0.13,0.35,0.37,0.62,0.48,0.58,0.56,0.56,0.22,0.22,0.18,1.31,0.77,-0.04,-0.33,0.04,0.87,1.06,0.4,1.87,0.74,0.99,1.28,1.42,1.71,2.09,2.65,3.04,4.08,3.2,3.31,3.26,3.55,3.48,3.63,4.39,3.99,4.57,3.01,4.59,4.74,5.15,6.61,6.99,7.07,7.35,7.07,7.12,7.09,33.98,7.44,34.49,34.49,34.37,40.57,41.13,40.57,41.18,41.07,None,None
0.3,0.28,0.37,0.46,0.46,0.46,0.48,0.48,0.58,0.56,0.35,0.27,0.27,0.27,0.23,0.24,0.26,0.21,0.25,0.26,0.49,0.97,2.0,0.93,1.74,0.8,1.01,-2.07,1.1,0.93,1.1,0.64,2.31,5.7,4.86,5.14,5.44,5.35,4.88,5.79,5.67,6.6,5.22,5.75,5.83,5.83,7.21,6.72,7.49,7.16,7.97,37.89,None,None,None
0.33,0.28,0.45,0.13,0.46,0.46,0.48,0.56,0.56,0.43,0.43,0.98,0.85,0.97,1.7,1.35,0.71,0.38,0.88,1.56,0.53,-0.13,-0.18,3.03,0.86,0.86,2.57,2.82,3.46,3.74,4.36,5.86,5.64,5.93,5.61,4.69,4.38,5.54,5.2,6.45,5.87,5.61,5.32,5.46,6.95,6.52,4.99,5.94,5.27,5.51,5.17,6.21,5.41,5.46,5.46,6.26,7.88,8.17,7.49,8.78,8.35,39.54,39.31,39.32,None,None
0.35,0.28,0.57,0.14,0.19,0.51,0.62,0.62,0.56,0.31,0.79,-0.46,-0.46,0.87,0.87,1.08,0.95,2.58,2.58,2.52,3.76,3.57,2.38,4.44,6.28,5.93,5.49,6.51,8.44,7.64,7.61,7.65,8.11,7.56,7.83,8.57,8.25,8.52,9.29,9.02,9.11,9.02,11.07,11.44,11.94,13.17,13.81,15.88,15.17,15.4,13.26,None
0.32,0.28,0.19,-0.16,0.46,0.46,0.31,0.32,0.46,0.31,0.79,-0.46,-0.46,0.87,0.95,0.95,0.95,1.39,1.36,3.54,5.65,5.65,5.94,6.16,5.72,6.63,6.57,5.55,5.86,5.84,5.84,6.85,6.96,7.21,7.15,5.97,6.47,5.71,5.96,5.87,5.6,5.46,5.56,6.6,6.89,40.33,40.45,40.44,40.5,None,None
0.35,0.28,0.38,0.43,0.46,0.46,0.56,0.71,0.31,0.31,0.79,-0.46,-0.46,0.95,0.95,0.95,0.95,1.39,2.02,3.83,5.44,5.44,6.12,6.06,5.82,6.99,5.97,5.84,6.45,6.17,5.34,6.1,5.89,5.98,4.89,4.77,5.21,6.0,5.19,6.6,6.65,6.7,7.01,8.38,None
0.4,0.28,0.45,0.48,0.48,0.49,0.71,0.71,0.3,0.31,0.31,0.01,0.17,0.19,0.26,0.26,0.24,0.26,0.26,0.24,0.97,0.97,2.97,0.75,0.63,4.08,4.29,4.65,7.31,6.4,7.6,7.79,6.48,6.2,6.06,6.25,6.47,6.98,7.08,6.28,8.2,7.75,9.25,None
0.35,0.28,0.4,0.46,0.46,0.46,0.64,0.71,0.3,0.22,0.0,0.04,0.04,0.14,0.33,0.35,0.35,0.55,0.23,1.01,0.61,1.04,0.86,None
0.33,0.31,0.55,0.67,0.46,0.46,0.64,0.71,0.46,0.46,0.83,-0.46,-0.46,-0.4,0.27,1.15,1.56,2.94,2.69,1.67,2.38,2.45,2.43,3.57,4.1,3.57,3.3,3.33,4.4,3.32,4.46,3.5,4.17,4.74,4.96,4.45,4.07,4.7,5.46,5.27,6.05,6.13,6.25,7.22,6.79,6.1,6.1,6.02,5.72,6.72,6.15,6.53,6.68,6.63,7.23,7.31,34.87,7.41,8.79,41.58,None,None,None
0.36,0.28,0.55,0.33,0.46,0.46,0.46,0.46,0.3,0.46,0.92,-0.02,0.37,0.95,0.89,1.08,1.28,1.28,0.98,0.93,1.07,1.56,1.68,1.23,2.99,3.48,3.65,3.37,3.49,3.41,3.41,3.1,4.25,4.41,6.5,6.77,5.57,6.24,6.1,5.92,7.19,7.66,35.39,35.26,35.37,35.42,35.47,35.47,35.52,41.9,42.19,41.98,None,None
0.28,0.28,0.46,0.46,0.46,0.46,0.46,0.46,0.46,0.46,0.35,0.19,0.19,0.32,0.21,0.24,0.24,0.24,0.32,0.28,0.97,0.97,0.93,1.35,0.88,0.55,4.3,6.28,7.63,7.47,8.43,8.43,None,None
0.34,0.28,0.46,0.46,0.46,0.46,0.46,0.46,0.46,0.46,0.04,0.04,0.04,0.17,0.33,0.33,0.56,0.56,0.22,0.18,0.11,0.42,0.96,1.21,0.32,0.83,1.94,1.58,1.83,1.83,1.57,2.93,1.94,1.5,1.92,2.26,1.86,2.57,5.74,5.74,6.26,6.01,6.1,6.39,6.71,6.35,6.74,8.16,11.58,11.64,8.79,6.94,None,None
0.39,0.28,0.46,0.46,0.46,0.46,0.46,0.46,0.46,0.46,0.82,0.26,0.04,0.4,-0.2,0.4,-0.81,-0.66,0.63,0.3,0.49,0.85,0.63,0.83,0.17,2.04,2.67,2.34,2.46,4.16,4.38,5.14,5.17,4.76,5.12,6.12,5.65,6.19,6.08,5.17,6.41,6.82,5.92,6.37,5.97,5.85,5.97,5.81,6.5,7.2,7.36,7.31,37.29,37.29,12.54,44.2,None,None
0.34,0.28,0.46,0.46,0.46,0.46,0.46,0.46,0.46,0.43,0.43,1.44,1.44,1.44,1.35,0.93,0.38,0.26,1.39,2.17,1.19,2.05,1.02,1.04,3.71,2.89,3.02,4.14,None,None,None
0.35,0.28,0.46,0.46,0.46,0.46,0.46,0.46,0.46,0.46,-0.04,0.28,1.41,0.02,0.06,0.62,0.95,0.46,0.83,1.14,1.16,1.32,1.29,2.81,-0.84,3.36,3.0,3.15,3.82,4.41,5.46,5.76,5.95,5.36,4.89,5.53,6.15,5.55,5.46,6.38,7.4,5.6,7.78,7.39,6.13,4.97,6.16,6.37,6.65,7.49,7.76,9.1,7.57,7.76,37.45,37.67,37.74,43.82,43.82,None,None,None
0.35,0.28,0.46,0.46,0.46,0.46,0.46,0.46,0.46,0.46,0.35,0.32,0.32,0.71,0.35,0.24,0.24,0.2,0.5,0.3,0.21,3.67,None
0.38,0.28,0.55,0.46,0.46,0.46,0.46,0.46,0.46,0.25,0.32,0.56,0.34,0.73,0.06,0.52,0.53,0.74,0.12,0.76,0.93,0.5,2.26,0.73,0.39,0.56,0.42,0.64,0.75,0.89,0.76,0.3,0.16,0.47,1.16,0.6,1.38,0.9,1.43,2.02,0.67,2.08,2.86,3.53,4.34,4.35,4.44,4.99,5.33,6.23,6.22,5.83,5.51,5.76,6.46,8.27,7.68,7.64,7.59,7.59,7.64,7.88,8.14,7.56,8.16,9.82,None,None
0.38,0.28,0.46,0.46,0.46,0.46,0.46,0.46,0.46,0.46,0.35,0.71,0.35,0.35,0.35,0.24,0.24,0.28,0.16,0.1,-0.07,2.4,2.42,2.61,3.87,3.87,3.66,5.78,3.21,4.15,4.35,5.65,5.86,5.16,5.23,4.99,5.65,5.9,5.9,4.78,4.92,5.3,38.87,39.07,38.42,39.41,39.41,45.87,45.41,45.82,None,None
0.38,0.34,0.46,0.46,0.46,0.46,0.46,0.46,0.46,0.46,-0.1,-0.26,-0.15,-0.03,-0.11,0.02,-0.16,-0.05,-0.4,-0.46,-0.93,-0.36,-0.36,0.33,7.31,7.31,None,None,None
0.37,0.34,0.46,0.46,0.46,0.46,0.46,0.46,0.59,0.46,0.35,0.35,0.35,0.35,0.35,0.24,0.24,0.18,0.36,1.2,0.39,0.27,0.38,1.37,1.9,4.97,5.18,7.42,8.28,6.56,6.83,7.1,6.79,None,None
0.29,0.29,0.54,0.14,0.55,0.55,0.46,0.46,0.46,0.46,0.88,0.07,0.17,0.78,0.24,0.24,0.12,-0.17,1.68,0.63,1.0,3.93,4.63,5.33,5.48,5.46,5.32,5.46,4.64,5.7,5.05,5.63,6.1,5.59,5.63,5.51,5.45,5.25,6.13,6.48,6.19,7.52,6.76,7.36,16.63,None,None
0.38,0.28,0.46,0.14,0.35,0.35,0.46,0.35,0.71,0.43,0.43,1.1,1.1,1.1,1.05,0.96,0.82,0.38,0.32,0.98,1.26,1.87,0.73,0.82,1.03,1.32,1.66,1.57,3.34,2.99,2.99,4.18,3.23,4.32,6.19,7.73,7.56,None,None,None
0.41,0.28,0.45,0.4,0.4,0.4,0.4,0.62,0.71,0.44,0.82,0.2,0.37,0.48,0.5,-0.33,0.19,0.69,1.08,0.69,1.04,1.05,0.48,0.67,0.82,1.42,0.68,1.31,1.64,4.46,4.56,4.63,3.41,2.81,5.6,6.21,5.93,5.09,6.46,6.32,6.39,6.39,6.31,5.91,6.09,6.12,6.39,6.35,7.65,7.61,7.83,36.49,36.54,None,None
0.41,0.41,0.45,0.39,0.39,0.39,0.62,0.62,0.71,0.36,0.88,0.41,0.54,0.54,0.89,0.89,1.07,1.26,1.46,2.07,3.81,3.81,3.62,6.98,6.49,5.6,4.4,5.53,4.88,4.5,6.03,8.47,8.47,8.47,8.89,9.11,None
0.41,0.41,0.38,0.39,0.39,0.39,0.62,0.62,0.71,0.61,0.35,0.35,0.35,0.35,0.35,0.24,0.12,0.24,0.1,0.25,0.25,0.2,0.54,0.75,0.95,1.66,1.75,2.34,2.76,2.41,3.87,3.63,3.18,4.38,5.03,4.46,4.87,5.21,5.57,5.71,5.23,5.66,6.28,6.03,6.99,6.01,7.13,5.99,6.2,7.17,8.45,7.07,6.97,37.18,37.2,None
0.34,0.34,0.4,0.14,0.35,0.39,0.62,0.62,0.71,0.61,0.17,0.05,0.31,0.31,3.65,3.65,3.0,3.45,3.12,4.11,3.6,4.1,4.78,2.7,6.2,4.49,5.78,5.48,5.08,5.11,5.33,6.81,6.68,7.26,6.87,6.95,7.07,7.15,5.88,5.46,5.74,6.35,6.19,5.82,5.89,6.17,6.06,6.2,5.59,6.6,7.82,11.53,18.46,18.59,19.45,None
0.41,0.34,0.4,0.14,0.35,0.42,0.62,0.62,0.71,0.61,0.35,0.35,0.35,0.35,0.35,0.12,0.24,0.24,0.05,0.25,-0.1,2.61,2.61,2.82,3.88,3.51,4.12,4.18,4.25,5.62,4.0,5.36,4.71,4.87,4.89,4.69,4.79,4.79,5.41,5.22,6.31,5.72,6.1,6.29,6.09,None,None
0.36,0.34,0.39,0.14,0.35,0.5,0.62,0.62,0.71,0.58,0.58,0.44,0.63,0.63,0.86,0.79,1.39,1.12,0.79,0.0,0.0,0.04,0.07,0.19,0.08,0.12,0.15,0.09,0.17,0.12,0.1,0.54,1.05,0.53,0.78,2.65,3.58,4.5,4.61,4.13,3.94,4.39,4.47,4.66,4.47,6.02,5.08,4.61,4.88,5.7,6.77,6.44,6.75,6.71,6.89,6.96,None,None,None
0.37,0.38,0.43,0.43,0.56,0.38,0.84,0.57,0.5,0.06,0.16,0.32,0.37,0.35,0.15,0.04,0.31,0.29,0.19,0.25,0.25,0.08,0.15,0.54,1.7,0.08,0.12,0.12,0.06,0.17,0.35,3.13,0.55,1.75,0.62,1.01,1.35,2.14,3.36,3.51,3.3,3.25,3.68,4.03,6.25,5.78,5.8,6.12,6.21,6.33,6.65,None,None
0.37,0.34,0.33,0.33,0.35,0.39,0.62,0.62,0.71,0.61,0.08,0.05,-0.32,0.27,3.0,3.0,3.1,2.62,2.42,3.18,3.53,4.1,3.08,3.35,5.03,4.35,4.24,4.24,5.08,4.9,6.02,6.81,6.47,7.32,6.93,7.5,6.94,7.15,7.02,6.82,7.07,6.0,5.97,6.57,7.49,7.52,7.75,8.02,7.63,8.4,8.11,9.2,9.16,9.84,11.57,11.89,16.04,37.53,37.7,44.22,44.36,None,None
0.38,0.34,0.33,0.35,0.35,0.39,0.62,0.62,0.71,0.61,0.35,0.35,0.35,0.02,0.02,0.34,0.58,0.92,0.95,0.32,0.77,0.93,1.17,1.54,0.2,2.39,1.61,1.42,1.85,2.72,2.86,3.11,3.19,3.31,3.25,3.39,4.83,3.79,4.02,4.02,4.75,4.69,5.17,5.7,5.85,6.19,5.69,5.73,5.09,None,None
0.38,0.34,0.33,0.39,0.39,0.39,0.62,0.62,0.71,0.43,0.43,0.56,1.0,0.96,0.96,1.03,0.55,1.18,1.57,1.17,1.55,1.07,1.09,2.08,2.0,2.62,2.42,2.05,1.85,3.48,3.13,3.85,4.43,4.54,5.74,6.24,7.66,6.29,5.9,6.0,5.89,5.98,6.89,6.63,6.34,6.75,7.15,6.97,7.33,7.48,8.02,8.06,8.21,7.22,7.25,7.17,7.27,7.26,42.13,42.23,42.42,None,None
0.35,0.34,0.38,0.39,0.39,0.39,0.62,0.62,0.71,0.43,0.21,0.58,0.47,0.64,0.36,0.27,0.14,0.16,0.21,0.2,0.22,-0.02,0.33,0.6,0.37,0.65,2.03,1.22,1.31,2.12,2.06,2.48,1.72,1.79,1.15,2.46,1.13,1.62,1.35,1.79,2.45,2.73,2.66,2.82,2.14,1.57,1.57,1.41,3.15,2.98,3.17,3.54,3.28,3.69,3.97,3.95,4.67,4.94,4.62,4.51,4.87,4.55,4.71,5.24,5.44,5.33,38.74,None
0.35,0.34,0.39,0.39,0.39,0.39,0.62,0.62,0.71,0.61,0.35,0.35,0.35,0.35,0.35,0.24,0.32,0.18,0.32,0.29,0.18,0.39,0.11,0.17,0.92,4.16,4.95,5.26,4.86,5.18,5.9,4.99,5.27,6.03,5.52,5.31,5.37,5.51,4.96,5.09,7.05,6.14,5.71,9.2,9.71,9.98,37.09,11.21,37.09,36.54,None
0.35,0.34,0.39,0.39,0.39,0.39,0.62,0.62,0.71,0.61,0.83,0.52,0.17,0.42,-0.2,-0.34,0.07,0.07,0.28,0.03,0.33,0.53,-0.03,0.5,0.73,0.42,0.2,0.82,1.19,1.05,1.29,1.29,1.75,1.74,1.17,1.39,1.31,3.37,3.6,3.64,3.64,3.62,4.05,4.08,4.35,4.21,4.28,4.51,37.92,4.57,None,None
0.35,0.34,0.39,0.39,0.39,0.39,0.62,0.62,0.71,0.61,0.35,0.35,0.35,0.35,0.35,0.24,0.24,0.17,0.04,0.25,0.32,0.03,0.54,0.04,0.66,0.55,1.26,1.2,1.46,1.25,2.08,2.98,1.62,1.84,4.63,4.87,5.14,5.67,5.18,5.58,6.11,6.94,7.16,6.5,6.63,7.07,6.7,7.66,7.67,8.43,7.87,39.93,40.23,40.08,40.36,None
0.37,0.32,0.39,0.39,0.39,0.39,0.71,0.71,0.71,0.61,0.93,0.17,0.17,2.28,0.87,0.87,1.49,1.53,1.75,0.97,0.72,0.67,1.58,2.13,3.51,1.42,1.53,2.1,2.43,1.87,3.28,2.8,2.73,2.73,3.25,2.45,4.13,5.12,4.23,4.55,4.8,5.33,6.94,6.57,7.13,6.88,6.88,6.67,6.9,8.27,7.78,7.78,7.36,7.83,7.83,8.27,9.49,40.23,40.81,40.89,None,None
0.37,0.34,0.39,0.39,0.39,0.39,0.71,0.71,0.71,0.61,0.39,0.36,0.0,0.37,-0.86,1.32,2.02,2.94,3.24,3.16,3.62,2.94,3.28,3.98,3.5,4.56,2.6,2.6,3.09,4.37,4.37,4.89,4.5,4.62,5.19,5.46,7.06,6.79,7.11,7.33,5.94,5.87,None
0.37,0.37,0.27,0.55,0.59,0.08,-0.09,0.0,0.01,-0.06,-0.17,-0.17,-0.14,-0.54,-0.46,0.67,-2.09,-0.35,1.13,1.68,1.49,2.51,2.77,2.61,2.84,2.92,3.0,2.56,2.29,2.68,2.4,3.28,1.99,2.68,3.4,4.01,4.62,3.9,5.34,5.33,5.99,5.19,5.56,5.4,5.72,5.28,5.23,5.31,5.64,6.37,5.48,5.61,6.11,7.02,7.44,7.51,7.31,8.03,7.62,8.0,39.19,39.67,46.22,45.71,None,None
0.37,0.34,0.39,0.39,0.39,0.39,0.62,0.62,0.71,0.61,0.35,0.24,0.24,0.35,0.35,0.17,0.36,0.28,0.33,0.36,0.41,0.71,1.07,0.85,0.89,0.86,1.06,0.54,0.1,0.24,0.64,0.91,1.17,1.21,2.43,2.57,2.57,2.98,3.13,4.8,None
0.37,0.34,0.39,0.08,0.07,0.39,0.62,0.62,0.71,0.61,0.17,0.17,0.55,0.35,0.24,0.24,0.28,-0.17,2.79,3.6,7.94,7.04,6.49,8.57,7.26,6.98,7.41,7.55,7.31,6.78,7.7,7.89,8.12,8.02,8.3,8.11,8.12,8.47,7.52,8.88,9.66,9.52,10.02,10.08,9.06,10.75,10.98,11.2,11.2,12.1,12.97,12.89,10.7,11.12,11.46,12.01,14.51,9.25,19.6,11.25,None
0.37,0.34,0.32,0.13,0.39,0.39,0.62,0.62,0.71,0.61,0.08,0.39,-0.19,0.25,2.38,2.62,2.91,2.62,3.52,3.18,4.13,4.1,4.15,3.96,4.24,4.24,4.24,4.24,5.08,4.94,5.59,6.81,6.54,6.21,6.08,6.25,6.75,6.46,6.26,5.97,5.84,6.48,6.4,7.04,6.98,7.04,9.66,9.66,8.07,8.66,9.39,9.25,8.84,9.61,9.33,9.93,10.89,10.88,11.82,10.15,9.75,41.47,42.06,None
0.37,0.32,0.32,0.39,0.39,0.39,0.62,0.62,0.71,0.43,3.81,0.96,0.96,1.03,1.4,1.24,0.46,1.4,1.57,1.36,1.17,1.92,1.91,2.32,1.29,3.04,2.45,3.19,3.78,3.61,4.13,4.29,2.91,4.42,4.27,4.97,6.38,6.34,6.03,6.21,6.09,6.52,6.21,6.26,5.98,6.28,7.13,34.76,7.81,7.49,7.29,None,None
0.37,0.32,0.39,0.39,0.39,0.39,0.62,0.62,0.71,0.61,0.55,0.44,0.44,0.44,0.78,0.78,0.92,2.0,2.0,0.89,1.74,1.43,1.53,3.76,3.01,3.98,4.3,5.47,6.89,4.9,5.56,5.86,5.25,5.23,5.66,5.9,6.2,5.92,5.91,6.03,7.12,6.88,7.94,6.82,7.48,6.97,7.15,9.11,10.07,10.16,10.46,7.83,8.25,None
0.37,0.34,0.38,0.39,0.39,0.39,0.62,0.62,0.71,0.55,0.39,0.26,0.0,1.05,0.89,1.05,1.28,1.28,0.98,2.24,1.21,0.6,0.39,0.57,0.56,0.9,0.91,2.39,1.01,1.25,1.97,1.81,3.45,1.17,0.73,2.11,5.01,1.08,5.06,4.69,5.74,6.27,5.68,6.8,7.19,7.01,5.74,7.69,5.92,7.04,7.54,7.32,14.28,14.24,16.18,None,None
0.37,0.34,0.39,0.39,0.39,0.39,0.62,0.62,0.55,0.55,0.35,0.35,0.35,0.18,0.21,0.18,0.26,0.34,0.06,-0.02,0.14,-0.09,0.24,0.3,0.63,1.11,0.74,1.58,1.71,2.21,2.01,2.05,1.81,2.62,1.77,6.47,4.06,3.07,6.7,6.7,6.74,6.51,6.92,6.88,6.66,6.79,None,None
0.37,0.34,0.39,0.39,0.39,0.39,0.62,0.62,0.71,0.32,0.99,0.34,0.0,0.39,0.26,-0.33,0.34,-0.16,0.27,0.43,0.32,0.85,0.85,0.89,0.5,0.53,0.82,0.96,1.4,0.95,1.62,1.67,3.36,5.35,4.86,4.71,5.14,6.36,5.27,6.38,7.38,7.56,8.29,8.52,8.38,8.52,9.2,9.25,10.43,9.61,10.98,11.21,11.48,11.77,None,None,None
0.37,0.34,0.39,0.39,0.39,0.39,0.62,0.62,0.71,0.55,0.35,0.18,0.18,0.21,0.21,0.18,0.26,0.28,0.34,0.36,0.28,0.56,0.26,0.45,0.74,0.69,0.32,0.5,0.82,2.63,3.0,3.07,4.64,4.74,4.28,7.03,6.84,7.12,7.31,6.78,None,None
0.37,0.34,0.39,0.39,0.39,0.39,0.62,0.62,0.71,0.17,0.43,1.03,1.18,1.18,0.99,1.03,0.85,1.34,1.57,1.46,1.25,2.21,1.21,1.21,2.22,1.52,1.82,1.82,2.17,4.56,3.32,3.32,3.22,3.87,3.33,3.77,3.22,4.1,4.42,4.57,4.57,4.67,5.06,5.13,5.05,5.41,5.94,5.47,6.11,6.83,7.42,6.99,6.71,5.96,6.17,6.57,6.67,6.97,8.56,7.87,8.93,39.41,45.82,None,None
0.37,0.34,0.39,0.39,0.39,0.39,0.62,0.62,0.71,0.55,0.39,-0.12,0.14,0.14,0.29,0.18,0.23,0.09,1.11,0.75,4.08,5.31,6.74,6.19,5.91,5.77,5.46,4.33,6.52,6.05,5.54,6.89,5.55,6.79,7.36,5.3,6.65,6.43,6.46,8.17,11.89,13.53,None
0.37,0.34,0.39,0.39,0.39,0.39,0.62,0.62,0.71,0.43,0.3,0.3,0.08,0.13,0.26,0.26,0.23,0.26,0.21,0.0,0.27,0.24,0.53,0.82,0.45,0.59,0.03,0.8,1.76,1.76,1.88,0.96,3.27,4.64,6.35,5.45,5.33,5.33,5.33,6.24,6.47,5.96,6.65,None,None
0.37,0.34,0.39,0.39,0.39,0.39,0.62,0.62,0.71,0.44,0.44,0.44,0.76,0.86,0.86,0.64,0.61,2.47,0.94,0.43,0.94,0.07,0.94,0.0,0.94,0.0,0.0,0.12,0.12,0.11,0.12,0.13,0.14,0.13,0.28,0.25,0.27,0.31,0.31,0.54,0.89,1.53,1.8,1.81,1.81,1.3,4.16,2.99,2.94,2.75,3.09,3.64,3.45,3.55,3.81,3.93,3.97,4.37,5.56,5.29,6.69,5.84,6.52,5.68,6.4,6.77,6.78,4.96,4.92,7.27,38.16,37.87,38.25,38.14,None
0.37,0.34,0.39,0.39,0.39,0.39,0.62,0.62,0.71,0.55,0.39,0.13,0.1,0.2,0.2,0.2,0.21,0.41,0.17,1.88,0.85,1.14,0.99,1.01,1.39,1.39,0.86,1.64,2.08,2.14,1.12,1.69,1.64,5.42,5.54,5.48,5.31,5.42,6.18,5.54,6.1,6.1,5.6,6.14,6.49,6.57,6.57,7.1,7.58,7.72,8.28,6.88,7.0,38.92,39.51,39.26,39.51,45.82,45.82,None,None,None
0.37,0.34,0.39,0.39,0.39,0.39,0.62,0.62,0.71,0.44,0.44,0.44,0.86,0.86,0.62,0.73,-0.07,0.24,-0.23,0.22,0.47,-0.11,0.42,0.51,0.55,0.46,1.22,2.19,1.47,1.32,1.19,None,None
0.36,0.34,0.39,0.39,0.39,0.39,0.62,0.62,0.71,0.55,0.55,0.44,0.44,0.44,0.59,0.78,0.04,-0.23,-0.02,0.06,1.24,1.65,-0.12,0.22,-0.09,0.71,1.12,0.68,-0.99,2.86,7.24,7.2,7.39,7.88,7.97,8.48,8.79,8.84,10.02,10.75,11.67,11.79,11.86,38.73,38.68,None
0.33,0.32,0.33,0.33,0.32,0.32,0.57,0.55,0.71,0.55,0.39,-0.21,0.06,0.5,1.49,1.49,1.49,1.75,0.96,1.94,0.37,0.81,0.86,0.61,0.23,0.56,1.53,0.53,1.08,1.18,0.68,0.35,0.91,1.03,1.07,1.37,1.25,1.19,0.86,1.05,1.22,1.35,1.22,1.14,1.62,2.28,1.65,1.51,2.09,1.55,2.32,1.02,2.16,4.04,3.29,4.45,5.4,4.54,4.54,3.81,5.28,7.7,5.04,7.58,6.75,40.12,39.67,40.38,None,None
0.34,0.28,0.32,0.39,0.39,0.39,0.55,0.55,0.71,0.55,0.55,0.28,0.28,0.28,0.08,0.17,0.04,1.9,0.78,0.26,1.08,1.08,1.51,1.35,1.6,1.66,1.91,1.53,1.71,1.2,1.79,2.84,1.79,2.18,2.13,3.05,3.01,3.84,3.69,3.49,3.75,6.59,6.1,5.88,6.11,5.71,5.76,6.53,6.0,5.92,5.44,5.64,38.18,38.25,38.23,44.83,44.83,45.05,None,None
0.29,0.29,0.39,0.36,0.36,0.37,0.55,0.55,0.71,0.37,0.35,0.34,-0.16,0.2,0.21,0.26,0.26,0.19,0.15,0.35,1.07,1.07,1.07,1.0,0.92,0.38,2.65,2.73,6.09,3.34,3.67,3.67,6.27,4.0,5.42,5.01,5.86,4.53,5.25,4.43,5.31,6.57,6.26,6.41,6.39,6.39,6.4,6.71,7.55,7.01,6.8,7.06,7.6,37.42,37.39,38.03,None,None
0.29,0.29,0.39,0.39,0.37,0.37,0.39,0.5,0.71,0.44,0.44,0.44,0.62,0.62,0.62,0.64,0.97,0.69,0.94,0.43,0.94,0.07,0.94,0.0,0.94,0.0
0.29,0.28,0.39,0.39,0.39,0.38,0.5,0.5,0.5,0.43,0.43,0.07,-0.44,-1.38,0.0,-0.08,0.03,0.03,-0.3,-0.24,-0.03,-0.03,4.13,3.91,5.17,5.32,3.16,5.04,5.4,5.17,5.01,5.18,6.3,6.36,6.16,6.19,6.54,5.13,5.92,5.26,4.93,6.11,5.16,4.39,6.19,4.53,4.91,6.47,6.12,6.71,7.33,7.72,8.08,8.38,8.34,8.48,9.02,34.94,34.94,34.96,34.92,34.94,34.96,37.92,37.92,41.52,None,None
0.29,0.29,0.39,0.38,0.38,0.38,0.59,0.59,0.5,0.93,0.2,0.2,0.14,0.3,0.26,0.19,0.21,0.06,0.06,-0.05,0.06,-0.02,-0.16,-0.29,0.29,0.56,0.47,0.72,0.63,1.3,1.43,1.4,1.37,1.45,1.53,3.39,1.55,2.47,2.83,5.37,3.98,4.14,3.85,4.2,4.05,4.25,4.81,4.64,4.85,4.86,5.97,6.32,6.34,6.32,4.92,5.45,6.53,5.65,6.58,7.22,5.85,5.93,6.8,5.99,6.57,6.5,7.66,37.19,37.12,37.23,43.57,43.57,None,None
0.29,0.29,0.39,0.38,0.38,0.59,0.51,0.51,0.57,0.93,0.39,-0.29,0.44,1.03,0.89,1.28,1.28,1.85,1.37,3.77,4.63,4.76,3.89,4.37,6.39,5.83,6.79,6.88,7.29,8.75,7.42,7.52,8.13,9.07,6.65,7.12,7.21,40.62,None
0.29,0.29,0.36,0.37,0.25,0.36,0.73,0.73,0.57,0.43,0.17,0.25,0.17,-0.54,0.22,0.67,0.96,0.47,0.55,0.96,0.04,0.31,1.16,0.8,0.12,0.19,0.23,0.28,0.35,0.29,0.38,1.35,1.61,1.92,2.03,0.63,0.17,None,None,None
0.29,0.43,0.37,0.37,0.36,0.36,0.57,0.57,0.57,0.47,0.39,-0.09,0.44,0.45,1.49,1.49,1.49,1.28,0.72,2.32,0.67,1.47,2.1,1.36,1.49,1.42,2.2,2.33,2.14,1.79,2.4,2.27,2.79,2.78,2.88,3.49,3.44,3.64,4.41,4.43,4.38,5.0,5.18,4.86,4.91,5.08,5.13,5.72,6.47,5.45,6.23,5.93,6.47,5.94,6.34,7.6,5.85,5.89,None,None
0.33,0.28,0.38,0.53,0.67,0.41,0.43,0.67,-0.12,0.77,0.18,0.37,0.91,1.07,0.74,1.28,1.26,1.39,0.04,0.28,1.24,0.35,2.61,2.87,2.59,4.36,4.77,5.41,5.75,6.88,6.88,6.42,6.47,7.03,7.38,None,None
0.31,0.28,0.39,0.37,0.38,0.68,0.57,0.57,0.57,0.44,0.39,-0.16,0.44,0.45,1.49,1.49,1.49,0.82,1.01,0.75,0.72,1.37,0.9,1.49,1.49,1.49,2.1,2.1,2.36,1.93,2.27,2.27,3.51,2.78,2.95,2.37,3.07,3.74,4.22,4.38,4.84,4.31,4.5,4.67,4.92,4.89,4.97,5.04,5.82,6.97,7.29,7.38,7.38,7.41,5.19,5.53,5.62,39.5,39.7,None
0.34,0.28,0.52,0.37,0.37,0.37,0.51,0.51,0.5,0.44,0.35,0.3,0.29,-0.49,-0.49,0.22,0.31,0.92,0.57,0.94,1.31,1.27,0.7,0.7,0.7,5.15,2.88,4.56,5.83,4.49,3.72,2.28,2.89,5.28,None,None,None
0.3,0.28,0.55,0.39,0.39,0.42,0.43,0.13,0.71,0.23,1.48,0.31,0.38,0.38,0.38,0.22,0.36,0.33,0.89,1.08,1.09,1.66,1.6,1.79,2.29,2.03,2.37,2.15,1.81,2.23,2.39,2.7,2.32,3.15,2.64,2.87,3.02,3.87,4.44,3.78,4.58,4.89,4.74,5.47,5.42,5.65,5.11,5.71,5.62,5.91,5.91,6.15,6.12,6.52,6.77,5.7,5.44,5.73,5.73,5.75,5.85,5.77,5.74,6.28,8.03,7.35,8.58,8.75,9.25,34.86,41.28,41.54,47.45,48.21,None,None
0.3,0.28,0.39,0.3,0.3,0.3,0.51,0.51,0.5,0.44,0.44,0.44,0.44,0.59,0.59,0.6,-0.09,-0.02,0.09,0.54,1.14,0.68,1.0,-1.31,1.3,0.28,0.24,0.81,1.65,2.21,1.91,2.53,2.71,3.75,2.66,4.56,4.56,3.77,None
0.3,0.28,0.39,0.14,0.32,0.32,0.51,0.51,0.5,0.11,0.27,0.42,0.62,0.62,0.62,0.64,0.61,0.75,0.94,0.09,0.09,0.11,0.12,0.13,0.11,0.13,0.09,-0.39,0.21,None,None
0.3,0.28,0.39,0.32,0.32,0.32,0.51,0.51,0.5,0.59,0.29,0.29,0.29,0.25,0.23,0.21,0.21,0.25,0.35,0.19,0.44,0.59,0.46,0.46,0.7,0.78,1.13,1.56,1.26,1.6,2.31,2.21,2.05,1.42,1.13,3.11,2.86,3.68,1.94,4.09,4.09,5.04,4.44,4.68,5.33,4.89,4.55,4.43,4.01,3.97,4.63,None,None
0.3,0.28,0.4,0.14,0.32,0.32,0.51,0.51,0.59,0.5,0.43,0.52,0.38,-1.05,0.34,-0.81,2.05,1.58,1.71,2.91,2.19,2.83,3.16,3.03,6.42,7.12,7.17,6.61,8.86,8.93,10.62,None,None
0.3,0.28,0.4,0.32,0.32,0.32,0.59,0.59,0.59,0.53,0.59,0.59,0.59,0.59,0.59,0.6,-0.02,-0.02,0.31,0.31,4.3,0.45,1.83,1.1,1.19,1.33,2.63,3.73,5.11,5.0,5.35,5.63,5.38,5.78,6.71,6.21,6.17,6.28,6.18,6.43,6.35,6.65,6.7,6.82,6.89,6.12,6.75,7.34,6.83,6.89,7.15,7.33,7.71,7.47,None
0.3,0.28,0.4,0.32,0.32,0.32,0.45,0.53,0.53,0.53,0.34,0.24,0.18,0.23,0.23,0.21,0.2,0.22,0.3,0.29,0.08,0.37,-0.04,0.74,0.52,0.78,0.92,1.65,2.01,2.82,2.83,4.01,4.9,5.72,5.92,5.87,4.05,6.06,5.91,5.73,5.62,6.01,5.5,6.8,6.96,7.19,7.14,7.46,7.15,7.51,6.74,7.62,7.62,6.78,7.07,7.92,39.58,39.12,39.39,39.67,39.41,39.39,39.58,None,None,None
0.3,0.28,0.55,0.32,0.32,0.32,0.53,0.53,0.53,0.15,0.13,-0.03,0.23,0.42,0.42,0.2,0.31,0.44,0.8,0.63,-2.82,-1.01,0.08,4.92,0.32,0.0,0.1,2.98,4.33,3.3,None,None
0.3,0.28,0.4,0.4,0.32,0.32,0.53,0.53,0.53,0.4,0.4,0.34,0.28,0.07,0.31,0.18,0.15,0.36,0.28,0.27,0.47,1.07,1.04,0.58,2.94,6.42,2.06,1.44,1.05,1.6,1.74,1.78,2.66,1.86,3.0,2.22,2.07,2.9,1.97,1.68,1.4,1.13,1.74,2.25,-0.09,None,None
0.3,0.35,0.44,0.39,0.24,0.54,0.42,0.42,0.52,0.28,-0.06,0.02,-0.02,-0.02,-0.51,-0.24,-0.33,0.33,0.4,0.41,2.07,1.77,1.15,1.31,3.43,3.81,2.14,5.91,5.01,4.75,5.21,6.57,5.34,6.49,7.23,5.41,5.53,5.03,5.87,5.68,5.61,5.68,5.94,6.14,6.2,6.9,7.07,7.13,7.98,8.15,8.42,37.15,35.92,36.53,36.53,None,None,None
0.3,0.3,0.4,0.29,0.75,0.64,0.26,0.37,0.43,0.27,0.55,0.12,0.02,0.2,0.29,0.41,0.33,1.45,1.66,3.65,2.76,2.01,1.82,2.46,2.54,2.82,2.39,3.32,-1.85,3.2,3.92,1.32,4.31,5.0,5.33,5.46,5.67,4.65,4.73,4.58,4.73,4.8,5.45,5.28,5.31,5.38,5.37,5.88,5.35,6.76,5.85,5.91,5.96,6.0,6.02,6.03,6.02,6.02,6.06,35.43,None,None
0.27,0.27,0.39,0.4,0.32,0.32,0.53,0.53,0.53,0.53,0.59,0.09,0.09,0.35,0.24,0.6,0.15,-0.17,1.68,0.63,1.29,0.59,0.32,0.25,0.25,0.37,0.37,0.35,0.0,0.19,0.79,5.12,4.39,4.39,4.19,4.55,4.55,4.69,4.83,5.19,5.1,5.05,5.46,5.51,5.62,5.6,6.01,6.47,6.56,5.83,None,None
0.31,0.27,0.39,0.37,0.37,0.6,0.53,0.53,0.53,0.53,0.29,0.11,0.11,0.6,0.6,0.6,0.15,1.65,0.57,0.57,1.29,3.99,0.32,0.21,0.45,0.37,0.37,0.15,0.0,0.03,3.88,4.28,4.28,4.39,4.37,4.6,4.53,4.64,4.6,4.55,4.78,4.64,4.83,6.38,5.2,5.17,6.2,6.19,5.74,6.43,12.8,14.26,None,None,None
0.36,0.27,0.39,0.53,0.53,0.53,0.44,0.44,0.63,0.53,0.35,0.23,0.23,0.23,0.23,0.26,0.25,0.25,0.19,0.32,1.02,1.07,0.89,1.0,1.0,1.32,0.75,5.08,6.19,3.63,5.13,5.58,4.98,5.73,6.41,6.32,6.56,6.36,6.34,6.01,5.88,8.93,7.75,None
0.34,0.33,0.4,0.44,0.48,0.44,0.53,0.53,0.78,0.47,0.23,0.23,0.23,0.23,0.23,0.25,0.25,0.25,0.32,0.33,0.89,0.89,0.89,0.15,0.8,1.87,0.61,1.68,0.86,0.34,0.58,0.44,0.5,0.97,1.47,0.92,1.67,1.16,2.78,3.16,4.53,4.13,4.86,4.76,4.59,4.62,4.61,5.13,4.45,4.62,4.62,4.74,3.82,4.61,4.52,4.27,4.33,4.4,4.42,4.02,4.99,5.11,5.81,5.56,5.46,4.97,5.29,5.33,6.81,6.75,6.54,5.71,6.77,6.7,5.88,5.8,35.63,36.03,35.95,None,None,None
0.34,0.33,0.42,0.35,0.35,0.38,0.78,0.76,0.76,0.47,0.41,0.17,-0.1,0.04,-0.1,0.0,0.0,-0.1,-0.52,-0.1,-0.17,-2.35,0.47,-2.82,-3.4,-3.15,-3.01,-2.48,-2.6,-4.32,-3.35,-3.78,-3.87,-3.96,-3.27,-1.62,-2.49,-2.01,0.1,-2.38,-2.24,-2.33,-1.66,-1.53,-1.35,-1.17,-0.96,-1.68,0.08,-0.57,-0.52,-0.55,-1.32,-0.55,-0.41,-0.3,-0.34,-0.56,-0.56,-0.08,0.08,0.32,0.42,0.42,0.59,0.4,0.44,0.38,0.33,0.07
0.39,0.33,0.54,0.38,0.4,0.4,0.76,0.51,0.55,0.47,0.59,0.03,0.68,0.24,0.75,0.5,0.35,0.0,-2.14,1.25,0.66,1.05,0.46,0.44,0.92,1.62,0.59,None,None
0.32,0.29,0.38,0.14,0.35,0.32,0.55,0.55,0.55,0.47,0.35,0.23,0.23,0.23,0.23,0.25,0.25,0.25,0.17,0.33,0.89,0.89,0.89,0.47,1.41,1.04,1.52,1.06,5.47,5.07,5.48,5.48,4.35,5.13,5.04,6.71,6.85,5.96,6.06,6.19,6.42,6.66,6.97,39.39,39.8,39.45,40.0,None,None,None
0.42,0.29,0.54,0.39,0.4,0.32,0.63,0.73,0.73,0.47,0.59,0.1,-0.14,0.06,0.64,0.53,0.53,0.53,0.16,0.49,0.14,0.15,1.13,1.52,1.31,1.22,1.38,2.46,2.67,4.04,5.44,3.75,5.86,5.3,5.78,5.69,5.44,5.48,5.8,5.81,5.89,5.77,5.73,6.01,6.71,6.8,8.79,6.74,7.1,40.89,None
0.42,0.29,0.39,0.43,0.4,0.49,0.6,0.6,0.57,0.35,0.35,0.47,0.62,0.62,0.62,0.61,0.69,0.69,0.94,0.11,0.05,0.12,0.11,0.06,0.16,0.12,0.15,0.41,0.17,0.19,0.26,0.66,0.83,2.25,1.62,1.51,1.47,3.42,4.22,4.22,5.11,6.75,4.87,6.88,7.13,7.52,6.67,7.87,7.93,10.15,39.49,None,None
0.32,0.29,0.48,0.49,0.49,0.49,0.57,0.57,0.57,0.35,0.35,0.25,0.62,0.62,0.62,0.52,0.21,-0.14,-0.14,0.22,0.35,-0.19,0.29,0.29,0.69,1.06,0.41,4.41,0.08,-0.27,0.16,-0.11,0.38,2.87,-0.11,0.1,0.08,0.02,0.08,0.08,0.06,0.09,0.14,0.15,0.13,0.04,0.04,0.11,0.21,0.12,0.56,0.13,0.13,0.17,3.99,0.25,0.21,0.07,0.14,0.19,0.15,0.16,4.03,0.13,0.36,0.21,0.14,0.16,0.23,0.15,0.16,0.2,0.31,0.31,4.05,0.25,0.13,0.19,0.19,0.21,0.23,0.27,0.21,0.21,0.17,0.23,0.49,0.24,0.33,0.27,0.38,0.38,0.47,0.4,0.59,0.59,2.81,3.2,3.2,3.29,2.92,3.14,3.02,4.17,7.93,3.94,3.69,3.54,7.67,7.67,7.88,7.78,8.2,36.62,36.22,36.25,42.78,43.39,None
0.32,0.28,0.39,0.52,0.59,0.6,0.57,0.57,0.57,0.55,0.35,0.04,0.52,0.35,0.07,0.34,0.28,0.25,0.16,0.48,0.23,1.3,0.26,1.16,1.1,1.41,3.83,1.84,1.68,1.44,0.84,0.35,1.4,0.22,0.75,1.57,1.2,1.08,1.56,3.64,3.64,1.72,2.03,2.33,2.05,2.64,3.47,3.9,4.19,3.88,4.61,4.61,4.68,5.73,6.97,5.84,7.52,8.15,36.48,36.67,36.67,36.36,36.64,43.09,43.1,42.63,None,None
0.32,0.27,0.52,0.52,0.52,0.57,0.57,0.57,0.57,0.52,0.41,-0.29,0.44,1.03,0.89,0.89,1.17,1.15,0.55,1.82,3.44,3.44,3.38,4.83,6.65,5.85,6.6,6.5,7.6,None,None
0.34,0.28,0.52,0.52,0.52,0.57,0.57,0.57,0.57,0.5,0.5,0.5,0.07,0.31,0.15,0.31,0.15,0.1,0.64,0.45,0.72,0.83,1.09,1.99,0.52,4.88,2.6,2.6,3.89,5.82,4.47,5.39,5.42,4.8,4.87,5.37,5.92,6.21,5.94,5.96,37.78,38.09,38.24,44.83,44.92,None,None,None
0.34,0.28,0.52,0.52,0.52,0.57,0.57,0.57,0.57,0.35,0.35,0.36,0.59,0.59,0.62,0.69,0.69,0.69,0.94,-0.12,0.05,0.05,0.16,0.16,0.17,0.21,1.55,1.7,2.79,None,None
0.34,0.28,0.52,0.52,0.52,0.57,0.57,0.57,0.57,0.52,0.41,-0.16,-0.1,-0.07,-0.2,0.03,0.1,0.1,-0.01,0.55,0.55,0.38,0.3,0.09,-0.51,0.35,6.92,2.02,2.02,0.2,0.96,1.56,2.64,4.05,4.59,5.73,5.56,5.56,4.75,4.31,6.07,7.95,9.25,10.89,11.6,6.75,6.8,7.06,None,None
0.35,0.28,0.52,0.52,0.52,0.57,0.57,0.57,0.57,0.36,0.25,0.27,0.62,0.62,0.62,0.69,0.69,0.32,1.0,1.0,0.65,0.65,-0.12,0.49,0.23,0.12,-0.05,0.37,0.39,0.13,1.11,0.96,0.72,2.2,1.17,0.44,0.77,0.73,0.88,0.87,0.8,1.28,1.69,1.69,2.01,1.23,1.25,3.91,4.51,4.57,4.1,4.5,4.95,4.49,4.23,4.65,4.46,4.75,5.98,5.33,4.28,35.23,35.07,34.79,35.45,35.28,35.28,None,None
0.35,0.28,0.78,0.52,0.52,0.57,0.57,0.57,0.57,0.52,0.11,-0.06,-0.11,1.06,-1.41,0.0,2.76,1.14,4.99,4.57,6.0,4.09,4.72,5.1,5.27,6.53,5.96,6.65,4.75,6.18,5.87,5.92,4.56,5.31,5.64,5.61,5.21,5.58,3.84,5.4,5.26,5.31,5.62,5.71,5.83,5.88,6.37,6.75,6.94,7.01,7.89,7.91,None,None
0.35,0.28,0.52,0.52,0.52,0.57,0.57,0.57,0.57,0.27,0.27,0.27,0.62,0.96,0.96,0.44,0.71,0.58,0.75,-0.05,0.02,0.06,0.07,0.16,0.37,0.19,0.16,1.7,1.94,1.94,2.23,None,None
0.3,0.28,0.43,0.47,0.47,0.47,0.51,0.51,0.57,0.43,0.46,0.95,0.95,1.07,0.97,0.41,0.69,0.31,1.38,3.0,3.31,5.05,3.56,4.84,4.07,4.58,4.36,4.68,4.53,5.28,5.98,6.65,5.37,5.35,4.64,5.98,6.79,6.42,6.42,7.24,7.3,7.92,8.11,7.56,7.92,8.04,8.97,9.43,10.32,36.6,42.97,None
0.34,0.28,0.47,0.56,0.51,0.57,0.57,0.57,0.5,0.32,0.95,0.97,0.97,0.97,0.97,0.14,0.17,0.08,0.26,0.52,1.18,0.42,1.2,0.85,0.72,1.36,2.1,1.05,1.15,1.62,2.85,2.85,4.09,4.85,6.31,5.87,4.75,6.25,6.25,8.62,11.71,None,None,None
0.35,0.28,0.32,0.39,0.57,0.57,0.57,0.57,0.57,0.32,0.31,0.31,0.31,0.22,0.17,0.31,0.12,0.25,0.15,0.15,0.12,0.14,0.19,0.33,-0.1,2.07,2.23,1.95,1.36,2.65,2.36,2.35,6.56,None,None,None
0.35,0.28,0.43,0.57,0.57,0.57,0.57,0.57,0.57,0.32,0.41,-0.24,0.0,0.0,-0.27,-0.22,0.27,0.23,-0.08,-0.29,-0.29,-0.11,1.15,2.0,1.69,2.33,2.93,3.47,2.86,3.26,2.87,6.98,5.15,4.68,8.1,8.01,8.23,6.48,5.25,5.28,5.36,5.36,5.92,5.92,6.54,7.58,39.04,19.6,None,None
0.32,0.28,0.43,0.52,0.57,0.57,0.57,0.57,0.57,0.35,0.35,0.15,0.21,0.2,0.16,0.15,0.09,0.17,0.18,-0.02,-0.03,-0.06,-0.22,0.04,3.68,-0.89,-0.18,1.18,1.0,1.4,2.44,3.83,3.48,3.08,3.82,4.17,2.63,3.31,3.55,4.71,4.87,4.79,5.37,5.1,5.5,5.18,5.5,6.42,6.15,5.83,5.78,6.12,6.1,5.74,5.74,6.84,6.47,7.33,8.15,7.66,8.16,15.45,37.91,15.4,44.97,45.17,None
0.3,0.28,0.43,0.52,0.57,0.57,0.57,0.57,0.57,0.35,0.35,0.0,0.0,0.16,0.15,0.15,0.25,0.25,0.4,0.04,0.08,0.11,0.3,0.88,1.55,1.57,0.03,1.82,1.96,3.44,2.44,2.98,4.85,4.71,4.63,5.21,5.56,6.0,4.9,6.3,6.53,7.3,6.03,5.09,5.46,5.67,5.35,5.78,5.34,5.46,5.57,None,None
0.34,0.28,0.47,0.57,0.57,0.57,0.57,0.57,0.57,0.35,0.41,-0.02,-0.16,0.06,-0.24,-0.63,1.56,0.82,1.25,0.97,0.72,0.79,0.93,1.85,1.37,2.1,2.1,2.1,1.74,1.76,2.3,2.27,2.78,2.95,3.05,2.07,3.07,4.11,3.79,4.32,4.26,4.31,4.91,6.38,5.06,5.13,5.24,5.17,4.97,5.32,5.38,5.57,7.22,7.9,8.1,5.42,5.6,5.6,5.74,None
0.35,0.28,0.32,0.56,0.56,0.57,0.57,0.57,0.57,0.35,0.39,-0.12,0.1,0.23,0.2,0.19,0.71,0.67,0.44,0.31,1.46,1.01,0.69,1.17,1.0,0.45,0.73,1.41,1.4,0.28,0.81,1.29,0.85,1.39,0.64,1.38,1.64,1.75,3.31,3.57,4.25,4.32,4.82,5.52,4.7,4.14,5.07,4.85,5.11,4.51,5.58,5.43,5.8,5.43,5.41,5.24,5.38,4.68,None,None,None
0.33,0.28,0.32,0.56,0.56,0.57,0.57,0.57,0.57,0.35,0.16,0.16,0.16,0.16,0.15,0.17,0.13,0.25,0.09,0.08,0.21,0.37,0.24,0.52,0.73,0.62,1.44,1.57,2.85,4.9,6.84,4.96,5.9,4.78,5.64,6.57,7.97,6.88,None,None
0.35,0.28,0.32,0.56,0.56,0.57,0.57,0.57,0.57,0.35,0.11,0.03,-0.38,-0.27,3.73,2.91,2.98,2.66,3.06,4.0,4.45,4.1,4.15,4.24,3.11,4.47,4.39,4.24,5.08,5.11,5.34,6.89,6.78,7.52,6.57,7.59,6.12,6.85,6.64,6.37,6.23,6.64,5.39,6.83,7.47,5.59,7.65,6.35,7.49,7.49,7.39,7.51,6.85,8.26,8.21,6.97,6.99,6.97,None
0.38,0.28,0.32,0.56,0.56,0.57,0.57,0.57,0.57,0.35,0.41,0.32,0.06,-0.18,-0.28,-0.38,-0.33,-1.1,0.2,0.1,-0.63,-0.49,-0.05,-0.78,0.29,1.34,3.17,3.57,3.46,6.84,6.84,9.47,8.61,9.34,7.07,6.79,None,None
0.31,0.28,0.44,0.5,0.57,0.52,0.57,0.57,0.57,0.35,0.16,0.16,0.18,0.2,0.17,0.17,0.13,0.25,0.12,0.12,0.13,0.02,0.23,0.18,0.27,0.31,0.42,0.52,0.63,0.59,0.82,1.06,1.03,0.52,2.84,2.78,2.87,3.9,4.46,4.17,4.51,2.7,5.21,5.37,5.62,5.62,6.48,6.79,6.63,7.4,5.98,6.3,6.39,6.34,39.39,39.64,39.64,None,None
0.38,0.28,0.44,0.58,0.58,0.57,0.57,0.57,0.57,0.35,0.01,0.11,-0.16,-0.23,0.08,-0.1,-0.03,-0.08,0.11,0.08,-0.23,-0.37,-1.65,0.15,0.11,0.88,1.81,2.53,2.57,2.09,-1.68,3.36,5.67,None
0.33,0.28,0.55,0.39,0.47,0.47,0.48,0.57,0.57,0.35,0.2,0.2,0.18,0.18,0.16,0.17,0.2,0.18,0.03,0.24,1.02,0.77,0.65,0.43,0.43,0.32,0.64,0.63,0.93,2.09,3.06,2.95,2.97,3.67,3.07,3.57,3.57,3.57,3.87,3.96,4.33,5.05,4.7,4.8,5.49,5.49,5.49,6.61,6.58,4.66,4.64,4.78,37.69,37.75,37.83,37.99,44.27,44.28,None,None
0.34,0.28,0.55,0.56,0.57,0.36,1.01,0.67,0.57,0.35,0.41,0.06,-0.01,1.03,1.28,1.54,1.28,2.2,2.57,2.85,3.01,3.57,3.0,2.32,6.63,5.36,6.06,4.96,6.56,6.17,7.89,6.31,6.79,6.98,6.57,6.15,6.5,5.7,5.69,6.09,6.68,5.97,7.35,6.91,7.0,7.28,7.65,8.54,10.91,42.54,42.55,None,None
0.34,0.28,0.52,0.36,0.66,0.52,0.57,0.57,0.57,0.35,0.41,0.0,-0.18,0.06,1.56,1.56,0.06,1.25,1.25,0.72,0.72,1.12,1.03,1.74,1.56,1.74,1.74,1.44,1.91,2.11,1.26,-2.91,2.45,2.09,4.12,4.66,5.46,5.24,4.79,5.24,5.44,4.97,5.61,5.76,6.27,6.67,7.32,7.05,6.92,7.04,7.34,6.97,7.2,7.66,7.51,38.02,38.02,39.07,38.85,38.83,38.81,38.88,None
0.34,0.28,0.52,0.52,0.52,0.52,0.57,0.57,0.57,0.35,0.18,0.18,0.18,0.18,0.17,0.17,0.12,0.13,0.24,0.18,1.28,2.06,1.32,1.9,1.21,3.93,2.8,2.6,1.93,4.4,4.82,5.28,3.59,4.3,4.11,4.56,4.24,4.7,4.54,4.9,4.8,5.31,5.33,5.58,6.0,6.43,6.19,6.85,7.64,7.88,7.91,7.77,7.2,8.02,7.78,39.55,39.55,39.86,40.06,40.19,46.47,46.16,46.54,None,None
0.34,0.34,0.25,0.25,0.34,0.41,0.41,0.14,-0.14,0.17,0.66,0.03,0.03,0.52,0.86,-0.5,0.37,0.2,0.64,1.08,0.11,1.43,0.72,1.38,1.6,0.99,1.13,1.04,0.6,0.94,1.76,3.82,None,None,None
0.34,0.28,0.52,0.52,0.52,0.52,0.57,0.57,0.57,0.21,0.27,0.56,0.89,0.89,1.89,1.03,1.08,1.84,0.5,0.17,1.41,0.51,2.41,1.22,1.94,1.69,1.85,2.19,2.5,3.35,3.03,3.95,3.94,4.31,3.71,5.07,5.07,4.76,4.76,4.55,5.42,8.38,9.52,10.53,10.57,11.06,None,None
0.34,0.28,0.52,0.52,0.52,0.52,0.57,0.57,0.57,0.35,0.41,-0.18,-0.18,-0.18,-0.05,0.0,0.23,0.24,-0.08,-0.56,-0.09,1.15,0.75,2.13,1.65,2.16,3.26,3.05,3.05,4.02,5.37,5.17,5.14,5.35,8.49,8.5,7.72,None,None
0.34,0.28,0.52,0.52,0.52,0.52,0.57,0.57,0.57,0.32,0.21,0.21,0.4,0.32,0.83,0.53,0.53,0.53,0.0,0.85,0.85,0.91,0.96,0.21,0.62,0.62,1.53,1.32,0.45,0.96,4.4,4.4,4.4,4.39,4.82,4.27,5.29,6.7,6.18,6.12,5.18,8.17,7.98,8.08,7.79,8.27,8.73,31.72,33.95,34.3,34.22,34.39,40.75,None,None,None
0.34,0.28,0.52,0.52,0.52,0.52,0.57,0.57,0.57,0.27,0.04,-0.12,0.14,-0.07,0.41,0.32,0.3,0.25,0.75,0.9,1.05,0.73,0.81,1.17,1.15,1.15,1.43,2.04,1.53,1.85,1.84,2.18,5.25,5.48,5.48,5.46,6.18,5.42,5.85,5.72,6.3,6.45,6.53,7.87,8.25,7.86,7.99,8.38,8.58,9.0,9.2,9.5,9.86,10.01,35.81,41.88,41.84,41.81,41.63,41.41,None,None
0.32,0.28,0.52,0.52,0.52,0.52,0.57,0.57,0.57,0.27,0.27,0.31,0.84,0.84,0.87,0.59,0.73,0.75,-0.52,0.04,0.08,0.08,0.08,0.09,0.16,0.16,0.37,0.16,0.2,0.21,0.62,0.14,0.8,2.43,1.64,1.86,0.78,0.89,0.89,1.82,4.75,3.63,4.97,4.81,4.74,5.01,4.94,5.46,5.66,7.17,6.57,6.78,6.64,7.22,7.54,7.71,6.85,7.7,7.71,40.67,41.0,40.72,None
0.32,0.28,0.52,0.51,0.51,0.25,0.29,0.39,0.71,0.4,0.91,1.21,1.21,1.21,2.22,3.62,2.69,2.46,1.38,2.05,3.02,2.12,1.91,3.0,3.0,2.94,2.99,3.38,4.61,4.66,4.48,4.13,4.68,5.23,5.37,5.21,4.56,5.85,5.08,5.1,5.06,6.7,7.58,6.78,6.63,5.28,6.83,7.01,8.66,None,None
0.32,0.28,0.52,0.52,0.52,0.52,0.49,0.57,0.57,0.35,0.17,0.09,0.32,0.32,0.28,0.29,0.51,0.51,0.56,0.58,0.62,0.28,0.49,0.49,1.64,0.71,1.6,1.69,1.51,1.86,1.02,1.28,1.2,1.35,1.09,1.07,0.49,1.71,1.7,1.43,1.7,2.07,2.44,2.61,2.12,4.32,4.14,4.83,4.59,4.88,4.08,5.4,5.93,5.06,5.49,6.96,8.16,36.35,36.22,36.53,36.61,43.22,43.04,43.01,None,None,None
0.34,0.28,0.52,0.25,0.57,0.57,0.57,0.57,0.57,0.31,0.31,0.31,0.87,0.87,0.87,0.61,0.73,-0.52,-0.12,0.04,0.08,0.08,0.08,0.12,0.12,0.12,0.37,0.22,0.17,0.2,0.09,0.86,0.85,1.62,1.51,2.11,3.57,4.28,3.82,4.46,4.88,5.39,4.93,5.56,5.42,5.64,8.93,8.38,None,None,None
0.4,0.28,0.57,0.57,0.57,0.57,0.57,0.57,0.57,0.35,0.32,0.0,0.08,0.18,0.17,0.17,0.25,0.25,0.34,0.0,0.23,0.25,0.44,0.63,0.43,0.61,0.38,0.2,2.11,0.46,0.49,0.23,1.58,2.67,3.25,0.83,1.09,2.01,2.02,3.76,0.85,3.82,1.18,4.13,4.97,5.13,4.59,4.7,5.09,4.59,6.1,6.26,6.21,6.56,7.36,38.75,38.41,38.49,38.75,38.91,39.06,None,None
0.4,0.28,0.52,0.45,0.48,0.48,0.48,0.48,0.57,0.31,0.31,0.31,0.87,0.87,0.87,0.61,1.27,-0.86,0.07,1.14,1.69,1.26,0.33,0.98,1.44,3.04,5.87,None,None
0.4,0.28,0.52,0.56,0.48,0.57,0.57,0.57,0.57,0.27,0.25,0.91,0.46,0.21,-0.03,0.18,0.35,0.45,0.22,0.16,0.38,0.18,3.94,0.17,0.32,0.4,0.49,0.76,0.86,0.86,0.87,0.27,0.67,0.95,1.82,3.18,3.32,3.73,3.47,3.93,4.28,4.48,4.38,4.92,4.5,4.22,4.56,4.39,5.01,4.18,5.28,5.57,5.76,7.08,6.86,7.09,6.71,7.99,7.92,36.85,39.19,39.34,39.39,39.48,39.35,39.28,None
0.4,0.28,0.52,0.57,0.57,0.57,0.57,0.57,0.57,0.35,0.34,0.34,-0.18,0.18,0.17,0.23,0.23,0.29,0.23,0.23,0.23,0.51,0.39,0.6,0.43,0.49,0.61,0.49,0.94,4.31,3.44,2.75,5.48,5.59,5.43,5.43,6.4,6.44,6.31,7.06,9.61,8.29,8.84,8.97,9.34,9.71,10.29,10.42,11.33,11.58,12.43,43.68,43.38,None
0.4,0.28,0.56,0.56,0.56,0.57,0.57,0.57,0.57,0.35,0.18,0.18,0.18,0.18,0.09,0.0,0.29,0.65,0.52,0.34,2.05,2.37,2.14,2.75,2.69,3.14,1.94,3.05,2.7,3.78,3.61,4.3,4.51,4.48,5.02,4.92,4.57,4.89,4.9,4.67,5.22,5.05,5.12,5.36,5.03,5.04,5.0,5.41,5.09,5.12,4.85,4.98,4.84,5.0,4.76,4.78,4.75,4.57,4.85,4.66,4.15,4.74,4.64,4.14,4.14,5.19,7.55,6.29,7.36,7.95,8.08,8.48,8.37,8.85,34.11,40.77,40.9,None,None
0.4,0.28,0.52,0.57,0.57,0.57,0.57,0.57,0.57,0.35,0.02,0.03,-0.25,-0.36,2.89,2.69,2.98,2.91,3.04,3.54,3.6,3.39,2.79,1.6,4.83,3.85,4.06,9.47,12.33,8.61,9.29,None
0.4,0.28,0.57,0.57,0.57,0.57,0.57,0.57,0.57,0.31,0.31,0.31,0.87,0.87,0.87,0.61,0.9,-1.09,-1.25,0.47,0.38,4.21,None
0.4,0.28,0.55,0.48,0.48,0.33,0.71,0.07,0.51,0.35,0.4,0.25,0.28,0.14,0.27,0.27,0.11,0.25,0.26,2.2,3.29,2.84,6.26,6.34,5.89,6.77,6.66,6.88,6.23,6.78,6.47,5.57,5.05,4.79,6.35,6.5,6.05,5.85,5.72,6.07,6.91,6.73,6.71,7.82,7.52,7.24,8.33,8.82,37.85,39.79,39.79,40.1,39.88,39.79,40.14,40.17,None
0.4,0.28,0.55,0.48,0.48,0.48,0.48,0.48,0.57,0.35,0.57,0.38,0.38,0.96,1.14,0.89,-0.05,0.65,0.49,0.67,0.64,0.4,0.79,0.97,0.68,1.06,0.89,-0.34,0.21,-1.02,-1.35,1.6,2.07,2.85,2.83,3.41,3.51,3.25,4.6,6.55,7.43,7.89,7.85,7.75,8.15,8.2,7.92,8.52,8.97,7.92,8.03,None,None
0.4,0.28,0.55,0.56,0.26,0.57,0.57,0.57,0.57,0.36,0.18,0.18,0.18,0.18,0.07,0.44,0.29,0.16,4.74,0.53,0.25,0.56,0.43,0.33,0.24,0.55,0.54,0.11,0.7,0.75,0.72,0.63,1.14,1.47,1.43,2.04,1.84,3.05,3.17,3.17,3.12,3.71,4.08,4.08,4.18,4.12,3.82,4.85,4.64,4.88,4.97,5.58,5.56,5.84,6.38,7.46,7.8,6.72,7.53,6.97,34.17,34.35,None,None
0.4,0.28,0.55,0.26,0.26,0.65,0.57,0.57,0.57,0.36,0.94,0.89,0.89,0.89,0.65,1.26,0.19,0.32,0.22,1.11,1.21,1.41,0.95,1.07,1.31,1.59,1.48,3.17,2.21,1.74,1.95,2.97,4.11,5.01,4.27,6.23,7.7,7.47,8.29,8.79,8.88,8.62,9.16,9.65,10.25,10.8,9.34,8.84,None,None
0.4,0.28,0.55,0.26,0.57,0.57,0.57,0.57,0.57,0.46,0.89,0.76,0.61,0.6,0.37,0.6,0.58,1.17,0.21,2.95,0.75,0.73,0.95,0.79,0.55,1.62,1.45,1.94,1.42,1.42,0.97,1.38,2.55,4.37,4.92,5.17,5.26,4.84,5.54,5.9,6.95,6.75,6.12,6.33,7.14,6.58,6.56,6.7,None
0.4,0.28,0.55,0.25,0.57,0.57,0.57,0.57,0.57,0.31,0.31,0.31,0.87,0.87,0.87,0.53,0.53,0.04,0.04,0.04,0.05,0.05,0.12,0.12,0.13,0.12,0.37,0.16,0.67,0.3,0.24,1.01,1.17,1.78,0.95,2.17,2.18,2.41,2.51,3.89,3.29,3.01,0.46,4.65,5.5,4.96,4.87,5.62,6.48,7.28,5.95,6.58,5.46,5.62,36.03,35.98,36.61,42.98,42.9,43.04,None,None,None
0.4,0.28,0.55,0.57,0.57,0.57,0.57,0.57,0.57,0.46,0.03,-0.12,-0.01,-0.01,0.29,0.29,0.51,0.51,0.55,1.24,1.1,1.16,1.07,0.84,0.84,0.92,1.55,1.5,1.6,1.58,2.06,2.06,2.43,2.51,3.19,3.71,6.09,6.14,5.5,5.41,5.12,5.95,5.57,5.52,5.88,5.71,7.06,6.95,7.66,7.62,8.23,36.37,36.28,9.57,9.88,36.02,36.62,None
0.4,0.28,0.55,0.25,0.57,0.57,0.57,0.57,0.57,0.46,0.88,0.91,0.91,0.91,0.91,1.0,0.63,0.07,0.61,0.41,1.3,0.56,0.11,0.26,0.14,0.38,0.13,0.26,0.02,0.03,0.19,3.88,5.03,4.65,4.91,4.62,4.66,4.51,4.57,4.62,4.43,4.54,4.98,4.32,4.11,4.31,4.73,4.62,4.25,5.07,4.57,4.89,4.2,4.41,4.28,4.03,4.25,5.15,5.19,5.21,5.42,5.1,5.29,5.46,5.83,8.12,5.87,None,None
0.4,0.28,0.55,0.25,0.26,0.57,0.57,0.57,0.57,0.31,0.31,0.28,0.87,0.87,0.87,0.53,0.9,1.08,1.57,1.25,1.21,2.27,1.26,-0.71,5.37,3.58,3.58,3.89,5.15,5.27,5.15,5.78,5.36,5.24,5.35,4.52,5.24,5.06,5.17,5.19,5.63,5.82,5.73,6.14,6.55,7.7,8.0,7.65,7.56,7.21,7.21,7.8,39.62,39.42,40.21,40.26,None
0.4,0.4,0.38,0.43,0.51,0.51,0.26,1.05,0.47,0.08,-0.03,0.3,0.09,-0.08,-0.07,0.18,0.6,1.54,1.8,2.0,2.36,2.26,3.72,2.99,2.63,2.54,2.37,2.98,4.73,5.14,5.39,5.51,5.19,5.1,5.06,5.26,4.96,4.58,4.93,4.61,3.81,4.84,5.16,5.32,5.28,5.26,5.45,5.57,5.65,6.19,6.49,6.98,7.74,7.66,7.66,6.92,7.97,8.91,39.37,None,None,None
0.4,0.28,0.55,0.26,0.57,0.57,0.57,0.57,0.57,0.46,0.03,0.12,0.12,0.29,0.29,0.29,0.51,0.51,0.87,0.72,0.78,0.84,0.84,0.84,0.84,0.84,1.63,1.74,1.74,1.74,1.61,1.61,2.38,2.38,3.42,3.85,3.42,3.14,4.01,2.63,4.64,3.12,4.76,5.21,4.58,4.72,6.02,7.0,7.64,7.61,8.67,8.32,8.9,9.04,37.28,40.26,None,None
0.4,0.28,0.55,0.57,0.57,0.57,0.57,0.57,0.57,0.27,0.27,0.96,1.57,1.57,0.96,1.07,1.69,0.67,3.48,3.15,2.44,1.71,2.75,2.48,2.43,-3.35,3.34,3.9,3.67,4.52,4.49,5.66,5.47,6.28,4.87,5.21,5.92,5.73,5.95,7.28,9.57,10.98,None,None
0.4,0.28,0.55,0.25,0.57,0.57,0.57,0.57,0.57,0.46,0.35,0.18,0.18,0.27,0.26,0.32,0.32,0.46,0.16,0.25,0.44,0.39,1.19,1.18,0.45,1.71,2.95,3.58,2.43,2.47,3.69,5.26,4.81,5.08,4.99,5.93,5.41,5.86,5.31,5.98,6.26,7.88,6.32,10.84,14.67,None,None,None
0.4,0.28,0.55,0.86,0.57,0.57,0.57,0.57,0.57,0.46,0.27,0.27,0.27,0.27,0.26,0.37,0.37,0.29,0.34,0.25,0.33,0.35,0.66,0.67,0.6,0.28,1.64,1.42,1.89,2.89,0.94,0.99,1.46,3.99,1.52,1.31,1.0,1.26,1.25,2.11,2.05,2.69,2.42,2.54,3.71,5.93,5.46,5.95,5.86,4.81,6.4,5.67,6.41,7.8,6.96,6.34,7.17,12.12,15.27,None,None
0.4,0.28,0.52,0.57,0.57,0.57,0.57,0.42,0.46,0.27,0.3,0.3,0.21,0.24,0.25,0.31,0.18,0.21,0.6,0.63,1.21,0.85,1.24,1.12,0.69,4.19,3.74,3.59,4.12,2.01,3.0,4.13,4.26,4.07,3.19,4.12,4.34,4.59,5.68,5.14,4.48,5.94,7.01,7.01,6.27,6.85,None,None
0.42,0.28,0.33,0.35,0.46,0.46,0.46,0.46,0.46,0.46,0.34,0.34,0.27,0.25,0.26,0.27,0.46,0.22,0.17,0.23,1.01,1.05,1.19,1.49,-0.64,1.75,1.21,1.0,1.0,1.23,0.87,1.03,1.15,0.29,6.7,3.76,3.76,5.36,9.11,5.64,4.94,5.94,5.55,6.04,6.94,6.94,7.39,7.41,7.5,7.33,7.74,None,None
0.35,0.28,0.46,0.25,0.25,0.28,0.46,0.46,0.46,0.46,0.22,0.03,0.0,0.35,2.98,2.98,3.38,2.66,3.42,2.53,3.0,3.06,3.03,2.38,3.56,2.79,2.38,2.84,2.41,2.71,4.11,2.49,3.21,8.25,10.39,11.16,None
0.3,0.28,0.28,0.3,0.28,0.28,0.46,0.29,0.48,-0.01,0.59,-0.16,1.58,2.0,2.32,2.54,2.29,2.62,3.06,3.01,3.17,2.47,3.71,4.32,3.89,4.68,4.13,5.1,4.88,4.82,5.46,5.56,5.7,6.1,5.77,6.15,6.81,6.24,7.24,5.98,12.38,13.46,None,None
0.32,0.32,0.5,0.27,0.4,0.45,0.22,0.0,0.0,0.06,0.03,0.25,0.42,0.5,0.5,0.49,0.65,0.6,0.78,0.75,0.71,0.81,3.06,0.98,5.71,2.43,2.28,3.1,3.44,3.57,3.37,2.76,2.41,4.07,4.04,5.05,5.82,5.82,5.96,5.92,5.85,6.39,6.71,7.15,6.85,7.06,None,None
0.28,0.27,0.3,0.3,0.28,0.45,0.46,0.46,0.46,0.46,0.25,0.25,0.26,0.26,0.25,0.26,0.23,0.41,0.21,0.21,0.21,0.39,0.19,0.39,0.4,2.5,2.72,4.08,3.71,3.9,4.4,4.55,3.67,4.41,4.64,4.82,4.33,4.82,5.4,5.93,5.4,5.51,6.12,6.3,6.34,6.31,5.62,6.78,7.64,7.59,6.59,37.27,37.39,37.72,37.75,37.74,44.32,44.24,None,None
0.31,0.27,0.3,0.3,0.45,0.45,0.46,0.46,0.46,0.46,0.21,0.32,0.11,0.06,1.25,1.25,0.35,0.35,0.35,0.34,0.6,1.53,1.28,1.3,1.86,2.21,1.58,2.06,1.47,4.01,4.79,5.3,6.52,5.58,5.81,5.14,5.91,6.13,6.19,6.36,6.36,6.76,6.03,7.0,7.05,7.26,8.21,39.91,39.91,None
0.35,0.28,0.45,0.3,0.19,0.45,0.46,0.46,0.46,0.46,0.41,0.32,-0.28,0.06,0.06,0.06,0.01,0.95,-0.03,0.53,1.36,0.53,0.93,2.19,1.41,0.89,1.12,0.96,2.34,1.32,1.96,2.62,2.1,1.97,2.02,2.75,2.5,2.5,2.99,2.78,2.75,3.71,2.42,2.73,3.1,2.79,4.53,4.39,4.75,4.71,4.9,4.78,6.15,5.71,6.68,6.91,6.94,6.88,6.85,6.46,6.88,7.11,7.53,34.93,34.93,41.57,41.3,43.89,None,None
0.33,0.28,0.3,0.3,0.45,0.45,0.46,0.46,0.46,0.46,0.41,-0.28,0.14,-0.16,-0.25,0.16,0.27,0.23,0.0,-0.09,-0.09,0.58,0.58,0.93,1.45,0.8,1.31,1.13,1.24,0.89,1.48,-0.18,0.65,1.31,1.75,1.57,2.97,2.47,3.29,3.14,3.88,3.42,3.39,3.6,4.63,4.52,6.29,6.07,5.9,6.44,7.03,7.52,35.48,35.22,35.48,35.48,35.52,35.23,35.54,None,None,None
0.36,0.28,0.45,0.45,0.45,0.45,0.49,0.53,0.53,0.67,0.26,0.26,0.17,0.17,0.17,0.44,0.18,0.21,0.26,0.52,0.25,0.44,0.39,0.42,0.54,0.54,0.54,4.31,0.0,0.34,0.38,-0.28,1.43,1.35,1.35,2.84,2.84,2.91,3.32,4.12,4.47,4.47,5.03,5.3,5.05,5.58,5.9,5.97,5.5,5.9,7.0,6.49,8.27,8.29,7.68,8.79,10.89,9.36,None,None
0.39,0.28,0.49,0.49,0.53,0.53,0.49,0.49,0.49,0.82,0.39,0.05,0.05,0.29,0.29,0.29,0.51,0.6,0.72,0.72,1.04,0.41,1.08,1.14,0.88,0.84,1.68,2.04,1.74,1.74,1.91,2.26,5.31,5.33,5.43,5.45,5.68,4.99,5.51,5.81,6.59,6.6,6.95,7.03,7.29,8.04,6.98,38.86,38.96,39.23,39.26,39.26,None,None
0.37,0.28,0.53,0.52,0.53,0.65,0.49,0.49,0.49,0.82,0.19,0.06,0.06,0.11,0.35,0.65,0.34,0.34,0.34,0.34,0.49,0.64,0.58,0.6,0.91,1.5,1.48,1.28,6.02,3.58,2.15,3.7,2.6,2.06,3.1,1.46,2.46,3.22,1.87,2.13,2.13,2.25,2.25,3.3,3.3,3.13,4.38,4.45,4.66,5.72,6.06,6.06,7.91,6.66,7.87,2.17,None,None
0.39,0.28,0.52,0.3,0.49,0.49,0.49,0.49,0.49,0.82,0.39,0.11,-0.21,-0.21,0.0,-0.2,-0.03,-0.16,0.11,0.1,-0.01,1.04,0.23,0.76,0.22,-0.09,3.97,3.97,4.11,3.81,3.04,5.0,5.53,6.28,6.29,5.64,4.55,4.74,4.83,5.24,5.17,5.33,5.3,5.28,5.33,38.23,38.34,38.48,38.53,38.54,None
0.39,0.28,0.49,0.49,0.49,0.49,0.49,0.49,0.49,0.84,0.41,-0.08,-0.25,1.06,1.17,1.18,1.24,1.39,1.64,3.77,5.13,5.13,5.71,5.84,6.34,6.63,6.08,6.48,6.39,6.51,6.52,5.94,6.27,5.73,5.66,5.86,4.96,5.13,4.89,5.05,5.05,5.46,5.33,6.78,6.47,37.59,37.46,37.65,37.73,37.89,37.69,44.46,44.27,44.55,None,None
0.39,0.28,0.49,0.49,0.49,0.49,0.49,0.49,0.49,0.84,0.17,0.17,0.17,0.25,0.35,0.26,0.17,0.22,0.21,0.33,0.9,0.96,1.35,1.2,1.39,0.96,2.49,2.16,2.16,1.98,3.64,4.46,4.99,4.99,5.96,6.2,6.51,6.29,5.96,6.74,6.78,8.34,None,None
0.38,0.28,0.49,0.49,0.49,0.49,0.49,0.49,0.49,0.27,0.27,0.56,0.83,0.83,1.07,0.64,2.99,2.67,2.74,2.23,1.75,2.45,2.8,2.91,2.78,3.17,2.62,3.18,3.19,2.59,5.48,4.6,5.51,5.35,5.39,5.38,5.74,5.43,5.71,5.76,5.27,6.41,6.14,5.9,5.83,5.61,5.99,5.94,7.01,7.2,6.62,7.19,7.4,7.24,7.82,39.47,39.57,39.41,39.47,None,None,None
0.37,0.28,0.49,0.49,0.49,0.49,0.49,0.49,0.49,0.28,0.28,0.28,0.87,0.97,0.97,0.61,0.47,-0.12,-0.12,0.04,0.06,-0.11,-0.61,0.12,0.12,0.14,0.37,0.2,0.1,0.29,0.56,0.96,1.51,1.51,1.51,2.96,4.28,3.91,4.28,5.12,5.12,5.22,5.3,5.29,5.39,6.75,6.76,7.18,7.11,7.53,7.14,8.24,33.82,None
0.37,0.28,0.49,0.49,0.49,0.49,0.53,0.53,0.53,0.88,0.88,0.73,0.73,0.73,0.91,0.91,0.68,0.5,2.78,4.69,4.78,6.92,7.02,8.61,6.88,6.66,7.24,7.21,7.1,6.97,6.79,6.57,6.96,6.96,6.46,6.48,6.2,7.15,7.61,7.65,7.93,8.11,10.43,8.52,8.38,None,None
0.37,0.28,0.49,0.54,0.72,0.65,0.53,0.53,0.53,0.69,0.39,0.11,0.28,0.31,2.66,2.66,2.98,3.55,2.42,3.19,3.29,4.1,4.15,4.36,4.51,4.41,6.03,4.24,5.15,5.15,5.34,6.38,6.35,6.71,7.25,7.24,6.57,6.81,7.12,6.82,6.08,5.87,5.86,6.36,6.56,7.15,7.02,7.97,9.11,10.16,10.3,11.33,14.45,None,None
0.36,0.36,0.24,0.21,0.39,0.42,0.08,0.67,0.32,0.21,0.08,0.18,0.02,-0.11,4.24,5.17,5.48,5.61,5.78,6.95,6.24,7.25,6.84,6.39,6.13,6.66,6.26,7.14,7.66,11.44,10.74,10.71,10.65,11.16,10.75,10.76,11.16,10.57,11.02,11.25,10.84,12.0,12.76,12.21,13.21,None,None
0.38,0.35,0.54,0.62,0.62,0.62,0.53,0.53,0.53,0.69,0.34,0.34,-0.03,-0.57,0.23,-0.11,0.28,0.5,1.4,0.79,0.64,1.05,1.07,0.04,0.66,2.01,2.4,1.83,3.43,2.89,3.57,3.63,4.17,4.85,4.33,5.16,4.39,4.57,7.0,8.29,9.02,16.59,39.03,39.03,None
0.31,0.43,0.54,0.57,0.59,0.59,1.2,0.89,0.69,0.28,0.28,0.28,0.59,0.47,1.03,0.54,-0.09,0.06,0.17,-0.12,0.42,0.42,0.22,0.23,0.56,0.71,0.29,0.08,0.16,-0.09,2.16,2.55,2.48,3.37,4.27,4.27,5.29,5.35,2.78,3.64,3.73,4.05,3.99,3.96,4.37,4.23,5.18,5.82,6.05,37.74,37.77,37.64,37.72,37.66,37.78,44.24,None,None,None
0.3,0.28,0.51,0.39,0.57,0.59,0.5,0.95,0.77,0.55,0.19,0.7,-0.04,0.13,0.35,0.27,0.11,0.67,0.67,0.6,0.59,0.25,0.49,0.64,0.79,0.67,0.47,1.5,0.87,1.91,1.49,1.58,1.72,2.08,1.6,1.78,2.2,1.48,1.54,0.38,1.56,2.03,1.9,2.04,2.23,2.21,2.36,2.38,1.84,2.25,3.81,2.34,2.3,2.28,1.75,2.08,2.28,3.77,2.18,1.61,1.79,2.28,4.53,1.56,1.88,2.39,4.26,4.21,4.5,4.5,5.27,5.35,4.79,5.64,5.15,4.87,5.39,6.19,7.11,6.59,7.66,7.31,6.6,6.09,6.64,39.41,44.46,50.83,None,None
0.32,0.32,0.47,0.47,0.47,0.47,0.92,0.77,0.77,0.55,0.34,-0.03,0.0,0.25,0.25,0.17,0.16,0.22,0.09,0.38,0.22,0.2,0.23,0.27,0.09,-0.07,3.71,3.74,4.72,4.71,4.48,3.37,3.07,3.07,3.37,3.4,3.42,4.04,4.08,4.03,4.23,4.49,4.51,4.23,5.26,5.39,5.57,5.87,7.21,6.88,7.06,None,None
0.27,0.25,0.63,0.47,0.47,0.43,0.42,0.59,0.59,0.58,0.41,-0.6,-0.01,1.58,-0.41,-0.78,1.44,0.95,1.35,0.71,0.72,1.26,1.21,1.69,1.49,1.37,2.31,2.29,3.91,2.55,3.69,3.51,4.25,4.05,4.27,4.73,5.27,5.8,5.42,5.68,5.46,5.66,4.91,5.03,5.73,6.07,5.89,5.47,6.05,6.02,5.92,6.62,6.95,6.9,6.82,7.26,6.48,7.39,7.02,4.17,4.19,4.28,7.25,37.4,37.41,None,None
0.37,0.25,0.43,0.4,0.47,0.47,0.59,0.59,0.59,0.58,0.25,0.25,0.25,0.25,0.25,0.16,0.37,0.48,0.21,0.56,0.21,0.39,0.39,1.13,1.1,0.96,1.5,1.66,2.3,2.72,1.33,2.2,1.42,2.84,4.92,4.13,5.31,5.53,5.67,6.1,6.01,6.05,6.52,5.82,6.25,6.64,7.26,8.12,8.97,9.98,10.32,10.6,41.26,None
0.34,0.25,0.36,0.47,0.47,0.47,0.59,0.59,0.59,0.58,0.25,0.25,0.25,0.44,0.36,0.21,0.21,0.3,0.37,0.22,0.25,0.62,0.52,1.2,2.58,3.37,3.19,3.77,4.1,5.14,5.14,5.17,5.15,5.22,4.66,5.19,5.15,5.39,5.44,5.44,5.47,7.63,8.26,7.9,34.25,34.78,34.85,40.71,41.57,41.32,None,None,None
0.39,0.25,0.36,0.47,0.47,0.47,0.59,0.59,0.59,0.58,0.41,0.0,0.0,1.17,1.17,1.02,1.72,2.59,2.1,4.55,5.71,5.71,6.15,5.49,5.18,7.01,6.23,5.22,5.6,5.66,6.14,5.88,7.15,7.03,6.62,7.68,7.2,9.07,None,None
0.4,0.25,0.36,0.47,0.47,0.47,0.59,0.59,0.52,0.58,0.44,0.44,0.44,0.17,0.21,0.44,0.3,0.48,0.22,-0.11,0.21,0.28,0.28,0.8,1.1,1.66,1.49,1.5,2.07,1.74,2.41,2.42,2.08,2.24,2.16,2.23,2.6,2.28,2.28,3.85,4.79,4.53,3.76,3.07,2.64,3.58,4.44,4.35,4.46,5.56,5.18,7.01,37.11,36.84,37.3,None,None
0.36,0.25,0.51,0.42,0.47,0.47,0.52,0.52,0.5,0.06,0.27,0.47,1.1,0.6,0.58,0.61,0.36,0.66,0.04,0.04,0.09,0.0,0.0,0.07,0.14,0.22,0.17,0.37,0.24,0.16,0.24,1.01,1.61,1.78,1.4,1.9,2.47,2.41,2.8,2.67,3.29,3.73,3.32,3.13,2.97,2.92,2.79,3.13,3.54,4.76,5.95,4.87,5.18,7.33,5.78,39.43,None,None
0.35,0.25,0.47,0.42,0.47,0.47,0.34,0.34,0.49,0.47,0.22,0.22,0.22,0.22,0.23,0.44,0.34,0.22,0.21,0.42,0.39,1.05,1.35,0.65,0.35,1.13,1.67,0.47,0.0,0.89,1.39,1.17,1.11,1.05,0.27,0.4,1.3,2.03,3.15,4.87,2.5,1.89,4.14,3.68,5.18,4.68,2.98,2.86,3.09,3.97,3.55,3.53,3.53,4.33,4.74,4.57,3.05,4.07,4.38,5.2,5.22,5.67,8.24,6.43,6.72,7.32,7.91,7.88,None,None
0.35,0.25,0.47,0.42,0.47,0.49,0.49,0.49,0.47,0.39,0.6,0.47,0.58,0.65,0.45,0.61,0.36,0.36,-0.15,0.0,0.07,0.07,0.14,0.07,0.18,0.18,0.16,0.29,0.36,0.57,0.57,0.67,1.5,1.82,1.72,2.14,2.35,2.36,2.92,2.39,2.91,2.45,2.59,2.32,2.27,2.16,2.78,2.58,3.34,4.02,5.47,4.17,3.78,4.49,4.24,4.38,4.38,5.24,5.24,6.21,6.1,7.61,None,None
0.33,0.25,0.51,0.42,0.47,0.47,0.47,0.47,0.76,0.47,0.22,0.22,0.22,0.22,0.23,0.34,0.24,0.07,0.17,0.42,0.66,1.05,1.35,0.53,0.46,0.56,0.2,0.45,0.24,1.44,1.87,1.4,0.91,1.61,1.01,0.41,0.5,0.98,1.82,1.23,1.39,1.29,1.21,2.89,4.52,5.1,4.6,4.67,4.92,4.96,5.1,37.46,37.77,37.77,37.72,37.66,37.72,37.75,37.75,None
0.33,0.25,0.51,0.47,0.47,0.67,0.69,0.69,0.59,0.85,0.34,0.22,0.22,0.22,0.23,0.32,0.23,0.17,0.17,0.42,0.66,1.05,1.35,0.86,0.47,1.78,1.4,0.81,0.39,1.86,0.79,1.67,1.17,0.97,1.42,1.66,2.54,0.57,1.32,1.76,2.2,3.21,2.83,2.85,None,None
0.33,0.25,0.4,0.4,0.43,0.63,0.35,0.35,0.59,0.85,-0.02,0.54,0.23,-0.03,-0.64,-1.32,0.27,0.27,0.64,2.59,1.32,0.81,1.93,3.26,2.04,3.66,3.82,3.88,3.99,3.63,3.79,4.12,4.22,4.12,4.88,4.12,3.37,4.23,3.46,4.11,5.2,5.45,5.13,5.14,5.14,5.21,6.75,6.36,6.71,7.16,7.16,7.07,7.21,6.53,7.56,7.88,7.38,8.8,8.9,8.64,9.39,8.29,34.37,40.59,40.59,41.0,None,None
0.33,0.25,0.55,0.54,0.54,0.54,0.4,0.56,0.59,0.27,0.27,-0.24,-0.45,-0.19,-0.3,-0.19,0.32,0.32,-0.03,-0.34,-0.1,0.16,1.43,0.22,0.16,0.09,0.03,0.45,0.19,2.03,0.59,0.36,0.47,0.31,2.38,2.38,2.44,2.25,3.05,3.01,3.69,4.57,4.14,4.52,4.12,4.71,4.64,5.76,5.19,6.44,6.91,37.61,37.63,37.35,37.61,None
0.33,0.25,0.39,0.38,0.47,0.47,0.67,0.59,0.59,0.7,0.41,0.0,0.0,1.17,1.3,1.3,1.3,1.96,1.96,3.54,5.44,5.44,5.89,5.34,5.72,7.01,6.19,5.36,6.45,6.26,6.08,6.56,6.67,6.31,5.08,6.13,5.17,5.14,5.6,5.1,6.65,None,None,None
0.33,0.25,0.39,0.59,0.59,0.59,0.59,0.59,0.59,0.7,0.41,0.0,0.0,1.17,1.3,1.3,1.3,2.03,2.92,3.05,4.02,3.35,3.45,3.01,4.1,3.66,4.96,5.01,5.59,5.66,5.13,5.53,6.17,6.82,6.61,7.77,7.77,7.64,7.06,7.06,7.15,7.26,8.08,8.12,8.84,8.43,8.31,8.75,38.46,37.57,37.89,37.89,37.79,None
0.33,0.33,0.23,0.2,0.35,0.34,0.3,0.6,-0.07,0.14,0.14,0.32,0.31,0.41,0.37,0.52,0.21,-0.11,0.25,0.67,0.68,0.68,-0.5,-0.05,0.23,2.47,1.46,1.1,1.33,1.56,1.43,1.75,1.71,3.77,3.49,3.56,3.49,5.6,5.6,4.97,5.82,6.36,6.87,5.71,5.23,6.36,6.49,6.15,7.28,7.19,7.11,6.3,6.13,5.97,7.18,7.48,37.7,37.99,None,None
0.33,0.25,0.42,0.44,0.59,0.59,0.59,0.59,0.59,0.7,0.22,0.22,0.22,0.22,0.32,0.32,0.25,0.17,0.17,0.42,0.41,0.09,0.81,0.47,0.6,0.95,0.96,2.56,1.46,1.41,1.73,2.12,1.65,2.21,1.7,1.55,2.71,4.25,4.49,4.27,5.66,4.71,5.64,6.6,4.3,4.28,4.32,4.37,4.37,4.21,4.14,4.08,None,None,None
0.33,0.25,0.39,0.59,0.91,0.91,0.47,0.64,0.25,0.22,0.37,1.21,1.21,1.21,3.02,2.66,2.91,2.8,2.78,3.63,3.63,4.04,5.17,5.14,5.53,5.43,5.11,4.83,4.8,4.8,4.56,5.33,5.07,5.25,4.58,5.75,5.37,4.85,5.5,5.74,5.94,5.85,6.55,5.44,5.78,5.65,5.82,6.38,6.28,6.44,7.33,8.71,8.88,7.39,None,None
0.33,0.25,0.36,0.59,0.59,0.59,0.59,0.59,0.59,0.7,0.65,0.39,0.73,0.73,0.91,0.91,0.68,0.12,0.67,0.5,1.3,0.56,0.42,0.13,0.19,0.32,0.24,0.12,0.04,0.04,0.05,0.11,0.12,0.21,0.07,0.08,0.09,0.06,0.14,0.04,-0.01,0.0,0.06,0.02,0.09,0.04,0.14,0.04,0.13,0.09,0.1,0.1,0.04,0.23,0.13,0.07,0.08,0.08,0.07,0.07,0.12,0.12,0.06,0.1,3.82,3.42,4.28,3.41,4.31,4.2,4.29,4.37,4.57,5.63,5.39,35.28,35.05,35.0,35.35,35.38,35.33,None,None
0.33,0.33,0.33,0.46,1.1,0.51,0.25,0.49,0.36,0.06,0.05,0.04,0.07,0.0,-0.07,-0.13,0.3,-0.17,0.3,0.3,0.6,4.35,0.52,0.97,4.01,1.99,1.65,4.28,2.91,3.73,4.15,3.99,4.57,5.13,5.0,5.21,6.39,6.03,6.17,5.98,5.99,5.88,6.13,5.12,5.03,5.63,5.95,6.24,7.25,7.61,7.42,7.61,8.44,7.85,7.9,None,None
0.33,0.42,0.36,0.59,0.59,0.59,0.59,0.59,0.59,0.65,0.65,0.51,0.73,0.73,0.91,0.91,0.68,0.22,0.3,0.3,1.3,0.56,0.31,0.25,0.25,0.32,0.12,0.07,-0.02,3.83,3.75,4.22,3.52,3.87,4.7,3.52,4.44,4.64,4.26,4.77,4.51,5.24,5.34,4.92,5.75,4.9,6.01,4.68,5.37,None,None
0.33,0.25,0.36,0.59,0.59,0.59,0.59,0.59,0.59,0.55,0.17,-0.12,0.1,0.01,0.24,0.24,0.16,0.59,0.39,0.86,0.85,1.23,0.76,0.84,1.58,0.72,0.97,2.04,1.74,1.92,2.09,2.21,4.57,5.33,5.45,5.35,5.39,4.99,5.57,5.75,5.92,6.33,7.31,7.74,7.33,7.42,7.51,8.0,38.95,39.23,39.23,None,None
0.33,0.25,0.44,0.4,0.4,0.4,0.44,1.0,0.69,0.39,0.39,0.39,0.25,0.63,-0.16,-0.14,0.71,0.78,0.74,0.85,1.6,1.1,1.2,1.72,1.88,2.43,1.72,1.66,2.76,2.47,3.39,2.78,2.97,4.38,4.38,4.69,5.11,6.12,6.06,6.75,6.2,6.46,6.7,6.82,10.25,11.52,34.88,40.88,40.72,41.52,None,None
0.33,0.25,0.44,0.42,0.44,0.61,0.92,0.62,0.69,0.62,0.17,0.11,0.53,0.25,2.98,2.98,2.92,2.92,3.0,3.21,3.76,5.84,6.15,5.78,5.35,5.65,5.65,5.14,6.09,6.42,6.61,6.96,6.31,6.55,5.32,6.54,7.17,6.13,5.53,5.34,6.36,6.05,6.01,5.68,6.06,6.08,6.79,6.46,7.45,8.61,8.97,9.07,None,None
0.33,0.25,0.44,0.59,0.59,0.61,0.62,0.62,0.61,0.28,0.28,0.33,0.65,0.65,0.45,0.53,0.36,0.33,0.64,1.25,-0.15,0.0,0.0,0.0,0.87,0.0
0.33,0.25,0.46,0.44,0.44,0.64,0.61,0.61,0.61,0.62,0.22,0.22,0.22,0.22,0.28,0.32,0.25,0.18,0.16,0.15,0.14,0.19,0.25,0.47,0.68,0.99,0.95,1.66,0.92,2.49,4.44,3.45,3.01,3.51,3.51,4.2,4.27,4.68,4.88,4.74,5.05,5.26,6.06,6.35,6.17,6.42,6.4,6.86,6.17,6.26,6.24,None,None,None
0.33,0.25,0.46,0.61,0.61,0.61,0.61,0.61,0.61,0.62,0.41,0.0,0.0,0.11,-0.21,-0.63,0.01,1.31,0.8,0.8,1.41,3.43,6.74,4.1,2.93,4.51,5.17,6.14,6.23,5.99,6.46,6.78,6.66,6.77,6.32,6.15,5.09,6.21,6.24,6.55,7.11,7.42,7.53,6.6,7.65,6.08,5.68,6.41,5.79,7.75,8.03,8.04,7.31,7.72,7.49,8.6,9.33,9.84,10.21,40.94,None,None
0.33,0.25,0.46,0.53,0.61,0.61,0.61,0.61,0.61,0.62,-0.18,0.36,-0.08,0.73,-0.01,-0.19,-0.06,-0.06,-0.14,1.17,1.35,2.0,0.25,3.89,4.39,4.55,5.13,6.59,5.97,5.25,5.25,5.36,4.68,4.65,5.02,5.89,6.19,6.43,7.26,34.6,34.6,7.57,34.82,8.32,8.51,8.67,8.91,9.08,33.52,34.39,34.38,None,None
0.33,0.25,0.6,0.53,0.61,0.61,0.61,0.61,0.61,0.27,0.27,0.47,0.47,0.42,1.07,1.06,0.85,1.36,1.4,1.99,1.31,1.57,2.59,2.19,2.32,2.68,2.2,2.17,2.26,2.94,3.09,4.0,3.72,5.16,4.13,4.46,4.35,4.13,4.42,7.32,7.27,7.12,7.45,7.67,6.86,8.84,9.43,11.25,9.79,None,None
0.33,0.25,0.6,0.53,0.61,0.61,0.61,0.61,0.61,0.62,0.22,0.22,0.22,0.22,0.21,-0.03,0.2,0.23,0.34,0.84,2.37,2.89,1.79,2.01,2.14,1.53,1.77,2.16,2.75,2.91,3.02,2.98,2.89,2.84,2.86,2.84,2.73,2.61,2.71,2.71,2.62,2.36,3.42,3.71,3.91,3.43,2.98,3.44,3.72,3.07,3.82,3.41,3.32,3.7,4.2,4.2,3.5,3.61,4.67,6.21,None
0.33,0.33,0.33,0.28,0.51,0.51,0.14,0.36,0.36,0.05,0.05,0.38,0.07,0.4,0.55,0.36,0.76,0.64,-0.61,2.31,2.5,3.35,3.06,5.61,5.36,6.2,6.49,6.21,7.08,7.21,5.57,6.27,6.54,5.92,6.17,6.3,6.58,6.56,6.67,6.61,6.85,6.85,7.69,6.85,8.06,7.69,6.92,7.34,6.41,7.08,8.81,40.35,40.48,46.93,46.89,None,None,None
0.33,0.25,0.6,0.37,0.37,0.67,0.61,0.61,0.61,0.62,0.22,0.22,0.22,0.22,0.28,0.32,0.25,0.18,0.12,0.03,0.13,0.05,0.2,0.25,0.13,0.54,0.56,1.19,1.46,1.27,None,None
0.33,0.25,0.44,0.64,0.64,0.61,0.61,0.56,0.6,0.62,0.41,0.0,0.0,1.24,1.17,1.3,1.3,1.96,2.12,5.37,5.46,5.57,5.84,5.34,5.77,6.63,6.04,5.53,5.66,6.14,6.44,6.71,5.6,5.42,5.99,5.99,None,None
0.33,0.25,0.44,0.57,0.57,0.26,0.11,0.11,0.35,0.39,0.21,0.64,0.43,0.75,1.41,0.66,0.4,0.53,0.53,0.79,0.99,5.01,1.21,5.82,4.44,6.81,6.8,7.61,6.37,7.06,6.32,6.16,6.96,6.37,6.51,6.23,6.46,5.6,5.97,6.79,7.33,6.56,7.61,7.7,35.36,34.84,35.31,35.39,35.31,35.44,35.55,35.58,41.87,42.14,None,None
0.33,0.25,0.6,0.53,0.53,0.42,0.35,0.58,0.25,0.34,0.76,0.9,0.8,1.23,1.04,2.13,2.88,-0.26,0.94,1.19,1.34,3.67,2.13,2.21,3.0,2.35,3.14,2.18,2.21,2.46,3.03,3.49,3.97,4.03,4.44,6.52,6.43,6.93,4.74,5.26,4.96,4.96,4.57,4.68,5.29,5.87,6.02,6.39,6.98,None
0.33,0.25,0.78,0.57,0.57,0.57,0.6,0.6,0.62,0.62,0.65,0.51,0.97,0.68,0.68,0.68,0.07,0.31,0.69,0.3,1.3,0.37,0.39,0.21,0.16,0.27,0.04,0.21,0.19,0.17,0.1,0.32,0.41,0.21,0.22,0.29,3.11,1.2,4.63,5.19,5.29,3.98,4.69,5.97,5.62,5.97,4.84,5.12,5.25,5.44,37.86,7.54,37.77,37.39,6.08,None,None
0.33,0.25,0.57,0.63,0.63,0.52,0.6,0.6,0.6,0.6,0.61,0.33,0.65,0.65,0.45,0.53,0.36,-0.18,-0.1,0.0,0.04,0.04,0.02,0.14,0.18,0.16,0.17,0.34,0.23,0.54,0.57,1.44,1.61,1.82,2.2,2.34,2.63,2.76,2.76,4.0,3.67,3.77,3.43,4.82,3.5,5.25,5.79,6.54,8.51,8.97,8.61,36.01,34.63,35.93,39.03,42.04,41.46,None,None,None
0.33,0.25,0.39,0.51,0.51,0.7,0.61,0.61,0.45,0.65,0.22,0.22,0.22,0.22,0.28,0.32,0.3,0.48,0.39,0.08,0.17,0.41,0.62,1.21,1.21,1.5,0.95,1.71,5.85,4.54,4.98,4.71,4.72,5.48,4.5,4.98,4.95,5.07,5.35,5.75,5.96,5.9,5.75,5.81,5.46,None,None
0.33,0.25,0.78,0.7,0.7,0.59,0.45,0.45,0.45,0.82,0.27,0.5,0.38,-1.03,1.46,1.91,0.01,0.13,-1.0,-0.25,-0.66,-0.14,0.11,0.38,3.67,3.65,5.24,4.57,4.55,5.27,5.13,5.26,5.75,5.98,5.64,8.49,None,None
0.33,0.25,0.59,0.78,0.76,0.38,0.38,0.28,0.26,0.76,0.81,0.31,0.6,0.92,0.81,0.53,-0.26,-0.21,0.11,-0.65,-0.15,0.35,0.3,3.41,3.49,3.49,3.55,5.92,5.51,4.57,4.54,4.82,4.83,4.35,5.66,5.47,5.66,5.75,6.56,5.18,6.71,7.03,6.74,7.89,7.65,8.51,9.39,9.3,6.92,None
0.33,0.25,0.59,0.45,0.45,0.45,0.51,0.51,0.51,0.65,0.65,0.82,0.35,0.35,0.4,0.4,0.11,0.69,4.69,4.7,4.78,6.96,8.34,7.53,7.21,6.95,7.39,7.1,7.34,7.28,7.56,7.56,7.83,7.86,7.73,8.16,8.29,8.43,11.52,12.84,13.44,13.76,14.59,14.42,15.47,None,None
0.33,0.25,0.43,0.51,0.51,0.51,0.51,0.51,0.51,0.65,0.22,0.22,0.22,0.22,0.28,0.29,0.3,0.48,0.25,0.21,0.25,0.57,0.4,3.97,0.51,0.47,0.71,0.73,1.46,1.08,1.33,0.8,0.24,5.14,0.71,1.7,0.6,4.25,5.35,5.0,7.39,None,None
0.33,0.25,0.38,0.37,0.36,0.36,0.49,0.42,0.42,0.65,0.65,0.4,0.4,0.4,0.4,0.4,0.43,0.47,0.47,0.3,1.3,0.36,0.36,0.16,0.16,0.27,0.12,0.26,0.09,0.17,0.03,0.55,2.01,0.2,0.14,0.21,2.58,4.29,4.88,3.87,4.26,5.17,4.74,5.12,5.33,8.66,6.29,6.9,5.97,7.3,7.83,7.62,6.96,7.7,7.9,37.17,36.92,37.4,37.19,37.24,37.3,None
0.34,0.25,0.78,0.44,0.38,0.42,0.42,0.42,0.42,0.65,0.22,0.22,0.22,0.22,0.28,0.29,0.3,0.48,0.22,0.45,0.33,0.33,1.06,0.61,1.25,0.97,-3.82,1.0,1.91,3.65,3.26,3.84,3.68,4.44,4.32,4.21,4.33,6.6,4.5,4.59,5.12,4.94,5.29,5.0,4.86,5.0,5.85,6.28,6.32,7.16,7.77,7.7,8.04,8.21,8.67,9.16,40.69,40.29,40.7,None,None
0.39,0.35,0.39,0.42,0.42,0.42,0.42,0.42,0.42,0.65,0.41,0.0,0.01,0.11,0.01,0.01,0.01,1.31,1.38,1.26,1.0,1.26,1.05,1.98,3.08,2.45,3.39,1.47,1.47,1.32,4.16,2.24,2.73,2.61,3.51,3.36,4.09,4.34,5.08,4.17,4.17,5.19,5.9,5.24,5.59,6.6,6.28,6.56,6.23,6.67,5.87,7.3,7.66,7.78,7.61,7.75,8.1,8.06,8.03,8.22,8.22,8.62,8.83,9.83,40.84,40.93,47.21,None,None
0.39,0.35,0.39,0.42,0.42,0.42,0.42,0.42,0.42,0.65,0.41,0.01,0.01,1.24,0.6,1.3,1.3,1.58,1.32,2.39,1.57,2.93,3.59,3.19,3.85,2.7,3.7,4.22,5.71,5.78,6.08,6.14,6.7,6.63,6.78,6.57,6.73,7.7,7.84,7.62,7.69,7.93,7.93,8.43,8.75,35.84,9.52,9.98,10.21,11.25,36.01,42.51,42.43,None,None,None
0.39,0.35,0.39,0.42,0.42,0.42,0.42,0.42,0.42,0.65,0.22,0.22,0.22,0.22,0.28,0.34,0.25,0.18,0.17,0.72,0.39,0.34,1.1,1.35,0.63,1.63,2.16,1.85,1.85,3.63,2.16,2.28,2.97,6.67,7.08,7.38,7.38,5.57,None,None,None
0.42,0.35,0.39,0.42,0.36,0.36,0.42,0.42,0.42,0.65,0.11,0.11,-0.24,0.22,2.92,2.92,3.03,2.66,4.44,2.52,3.49,2.88,3.89,3.21,2.61,3.62,2.23,4.66,2.06,4.61,1.26,3.83,3.3,3.72,3.98,5.33,5.24,4.7,6.4,6.31,5.68,6.4,5.9,6.01,6.47,6.36,6.51,7.22,5.82,10.43,11.76,12.32,8.79,8.93,None,None
0.39,0.35,0.39,0.37,0.42,0.42,0.42,0.42,0.42,0.33,0.33,0.33,0.65,0.65,0.45,0.53,0.36,0.0,0.0,0.0,0.0,0.0,0.0,0.0,0.0,0.0
0.35,0.35,0.43,0.42,0.42,0.42,0.49,0.42,0.42,0.65,0.11,-0.12,0.1,0.09,1.08,0.5,0.61,0.46,0.72,0.72,0.85,0.81,1.02,1.34,1.15,1.15,1.93,2.01,1.92,1.92,1.89,1.93,4.64,4.76,5.53,5.42,5.42,5.42,5.22,5.42,8.65,7.84,7.81,7.81,7.96,8.33,8.26,8.58,9.18,42.18,41.91,41.81,None,None,None
0.4,0.35,0.42,0.51,0.51,0.51,0.42,0.45,0.47,0.65,0.34,0.22,0.22,0.22,0.28,0.25,0.27,0.17,0.57,0.72,0.66,1.05,1.18,0.82,1.77,1.44,0.36,0.66,1.72,3.34,1.29,3.85,4.52,5.35,3.88,4.13,4.77,5.16,5.02,4.97,4.87,4.99,4.42,5.27,5.07,5.05,4.83,5.28,5.36,6.04,6.03,6.2,6.22,7.14,7.17,7.17,7.4,7.21,7.42,40.11,40.39,40.08,None,None
0.33,0.33,0.43,0.47,0.47,0.47,0.42,0.42,0.47,0.33,0.33,0.52,0.65,0.65,0.45,0.68,1.75,-1.01,-0.62,-0.6,-1.97,-1.13,-1.44,0.08,-0.97,-0.7,-0.09,-0.75,-0.14,-0.63,-0.32,0.32,0.14,1.84,4.18,9.25,10.42,10.75,10.4,7.4,None
0.31,0.31,0.43,0.47,0.47,0.47,0.47,0.47,0.47,0.65,0.11,-0.12,0.09,0.09,0.24,0.5,0.2,0.44,0.72,0.72,1.34,1.24,1.15,0.94,0.94,0.94,1.44,1.89,2.31,2.53,2.0,3.1,2.47,2.72,2.79,3.8,4.55,4.41,4.5,5.46,6.18,5.62,5.75,6.65,6.75,37.97,37.35,None
0.3,0.28,0.43,0.39,0.36,0.36,0.28,0.28,0.26,0.87,0.87,0.46,0.89,1.3,1.58,0.42,0.47,2.85,3.65,3.7,2.59,4.15,4.03,4.1,5.79,5.26,5.15,5.0,5.33,5.42,6.05,5.57,5.25,5.34,5.38,5.21,5.5,6.01,5.57,5.95,6.77,5.43,5.53,6.52,6.3,8.43,7.01,8.22,9.66,10.53,11.25,12.12,12.21,12.39,42.89,None
0.3,0.22,0.36,0.37,0.36,0.36,0.37,0.33,0.52,0.65,0.34,0.22,0.22,0.22,0.24,0.27,0.27,0.38,0.57,0.16,0.96,1.18,1.18,0.82,1.44,0.5,0.34,-0.09,0.17,1.16,2.61,1.56,1.04,4.92,5.31,5.85,5.26,5.65,5.68,5.36,5.51,5.7,6.51,7.53,7.9,7.48,7.9,7.8,8.44,8.13,8.16,8.27,8.29,40.5,40.5,40.83,None,None,None
0.32,0.25,0.36,0.37,0.33,0.36,0.52,0.52,0.52,0.65,0.41,0.01,0.01,-0.29,-0.32,0.04,0.6,2.25,1.28,0.91,1.24,1.56,1.41,1.31,2.04,2.61,2.79,3.3,3.75,3.91,6.32,6.28,6.46,6.63,5.96,5.5,10.43,10.86,10.2,None
0.3,0.25,0.36,0.12,0.35,0.35,0.31,0.29,0.35,0.65,0.41,0.01,0.01,1.24,1.3,1.52,1.53,1.64,3.09,3.03,3.3,3.75,3.96,4.1,4.1,3.95,4.78,5.01,5.42,6.63,5.69,6.23,7.33,6.77,6.96,6.09,None,None
0.3,0.3,0.24,0.19,0.68,0.27,0.24,0.04,-0.19,-0.1,-0.19,0.0,0.65,1.23,1.84,2.07,1.82,3.89,1.89,2.29,2.35,2.3,4.64,3.54,2.32,3.33,3.23,3.35,3.87,4.2,3.75,3.75,3.98,5.92,5.34,4.83,4.83,5.17,4.33,4.93,4.7,5.07,4.64,4.81,4.82,5.14,5.0,5.02,5.55,5.52,5.45,5.5,5.0,5.02,6.15,6.48,6.48,6.07,7.25,7.85,7.41,7.41,7.89,38.96,39.26,39.26,39.44,45.71,45.8,45.4,None
0.35,0.25,0.36,0.12,0.34,0.34,0.34,0.33,0.34,0.58,0.34,0.25,0.24,0.24,0.24,0.27,0.27,0.29,0.57,0.72,1.11,1.18,1.18,1.18,-0.26,1.72,1.42,1.21,1.54,0.26,1.58,3.91,3.78,3.82,6.12,6.79,7.2,7.97,9.57,None,None
0.32,0.25,0.36,0.34,0.34,0.34,0.34,0.59,0.59,0.58,0.65,0.34,0.34,0.4,0.4,0.43,0.15,0.4,0.08,0.3,1.97,5.3,5.14,5.29,4.59,5.14,5.7,5.78,5.5,5.55,5.18,5.35,4.67,3.56,5.06,5.43,5.33,5.61,6.07,6.27,6.38,6.56,6.92,7.4,5.6,6.11,7.42,10.83,12.0,11.14,9.71,None,None
0.32,0.25,0.32,0.45,0.45,0.45,0.72,0.52,0.47,0.62,0.34,0.24,0.24,0.24,0.34,0.26,0.27,0.38,0.57,0.72,1.11,1.18,1.18,1.18,1.18,1.94,1.94,2.22,2.22,3.03,2.16,3.16,3.1,4.87,5.86,5.48,4.93,5.0,4.98,5.36,7.06,10.57,10.87,11.8,13.63,None,None
0.34,0.25,0.32,0.45,0.69,0.47,0.67,0.55,0.55,0.62,0.41,0.01,0.01,0.11,0.01,0.01,0.01,1.38,1.38,0.72,0.72,1.26,1.09,1.69,1.68,1.46,1.59,2.13,1.92,1.89,1.81,2.44,4.17,2.97,3.81,3.92,4.05,5.05,5.54,5.29,5.98,6.18,4.64,5.17,5.55,5.54,5.29,5.71,5.74,39.93,39.78,39.83,39.83,None,None
0.35,0.25,0.32,0.35,0.36,0.56,0.35,0.35,0.35,0.62,0.11,-0.12,0.14,0.14,0.5,1.12,0.2,0.62,0.64,0.78,0.92,0.99,1.14,1.14,1.11,1.19,1.65,1.93,1.84,1.92,1.46,2.22,4.64,5.25,5.73,5.75,5.31,5.52,5.72,5.72,5.9,5.64,6.45,6.14,6.46,6.45,6.68,7.11,6.87,39.41,38.89,39.26,39.34,39.3,39.31,45.82,45.87,None,None,None
0.36,0.25,0.52,0.56,0.66,0.6,0.35,0.35,0.35,0.62,0.34,0.25,0.26,0.26,0.26,0.27,0.3,0.33,0.18,0.18,0.14,0.22,0.07,0.11,-0.05,0.12,0.25,0.0,0.5,0.38,0.38,1.64,1.72,2.25,2.23,2.26,2.78,2.68,3.02,4.14,3.65,4.3,5.44,5.53,5.64,6.36,5.19,5.33,5.33,5.33,10.34,11.62,12.21,12.67,None,None
0.32,0.25,0.57,0.35,0.35,0.55,0.65,0.65,0.65,0.62,0.41,0.01,0.01,-0.32,-0.25,-0.05,0.32,0.0,0.28,0.46,0.38,-0.03,0.22,0.78,1.08,1.1,1.08,1.26,1.68,1.69,2.21,2.32,2.32,2.46,2.09,1.95,2.27,2.6,2.1,1.83,1.8,1.8,2.47,2.14,2.15,2.01,1.87,1.81,2.09,2.43,4.59,6.52,6.08,7.99,7.13,7.69,6.66,4.85,4.94,4.89,38.14,4.96,None
0.31,0.25,0.36,0.47,0.66,0.55,0.65,0.65,0.65,0.62,0.11,0.11,1.3,0.01,3.03,3.51,2.98,2.66,2.96,1.42,3.55,3.61,4.1,4.26,4.83,4.88,4.31,4.71,4.77,5.03,5.64,4.92,5.25,6.72,5.24,6.94,6.17,6.0,5.53,6.89,6.15,6.72,7.36,6.86,8.25,8.29,8.57,8.16,8.47,8.75,9.25,9.52,10.74,11.3,12.21,41.47,None,None,None
0.4,0.28,0.36,0.42,0.68,0.55,0.65,0.65,0.65,0.62,0.65,0.4,0.43,0.43,0.4,0.4,0.54,0.08,0.08,0.3,3.53,5.14,5.3,5.42,5.59,4.57,4.65,5.37,6.15,5.46,5.72,5.37,5.44,5.49,4.86,4.91,5.44,5.06,6.03,5.71,6.8,6.67,6.91,7.26,6.08,6.78,9.88,40.7,40.67,40.33,None
0.37,0.28,0.36,0.39,0.66,0.55,0.65,0.65,0.65,0.58,0.41,0.01,0.01,1.24,1.08,1.37,0.77,0.65,0.96,1.42,3.4,3.09,3.38,4.9,4.39,6.65,6.59,5.87,6.88,5.96,6.98,7.08,7.71,8.7,12.17,9.71,9.38,9.16,8.97,9.16,9.89,9.79,10.11,10.3,10.71,10.84,11.12,37.64,11.31,11.84,12.74,14.54,None,None
0.35,0.35,0.37,0.42,0.42,0.59,0.61,0.61,0.61,0.58,0.26,0.26,0.25,0.25,0.25,0.27,0.3,0.52,0.25,0.33,0.84,0.76,1.77,0.39,0.66,0.67,0.67,1.6,2.0,2.73,2.57,2.64,3.52,2.46,3.67,3.3,4.54,3.88,4.96,4.53,4.53,4.1,10.53,8.65,6.38,7.1,7.84,7.19,7.68,None,None
0.35,0.29,0.32,0.42,0.66,0.61,0.61,0.61,0.61,0.58,0.11,0.11,0.01,0.01,0.08,0.12,0.2,0.04,0.21,-0.02,0.03,0.0,0.0,-0.06,0.04,0.18,0.17,-0.15,0.14,0.11,0.23,0.12,0.38,0.38,0.42,2.35,1.26,0.89,2.38,2.07,2.43,2.58,2.16,3.38,3.13,5.07,3.38,4.17,4.17,3.58,4.7,4.25,4.41,4.31,5.92,4.94,4.23,4.87,5.79,5.46,5.46,5.24,5.74,6.15,6.38,6.56,6.66,7.38,7.61,38.3,38.49,45.06,None,None
0.31,0.29,0.32,0.37,0.37,0.46,0.61,0.61,0.61,0.58,0.41,0.01,0.01,1.24,1.3,1.3,1.3,2.77,3.03,3.03,3.75,3.15,4.21,4.21,3.81,4.21,5.01,5.01,5.39,6.21,6.23,7.53,7.53,10.71,10.71,10.39,None,None
0.31,0.29,0.39,0.43,0.43,0.44,0.61,0.61,0.61,0.71,0.19,0.19,0.01,0.28,0.55,0.26,0.26,0.35,0.25,1.21,1.06,1.18,0.78,1.0,1.07,0.85,1.48,1.52,2.66,1.45,2.05,2.21,2.63,2.65,1.82,2.03,1.83,1.16,2.28,3.84,2.56,3.51,4.0,5.57,4.08,4.37,6.25,6.25,6.23,6.44,6.18,5.66,7.09,7.52,6.97,6.8,6.65,6.23,7.63,6.71,6.67,7.62,7.37,7.34,8.2,8.46,8.98,8.82,8.66,8.78,9.35,9.41,36.29,42.72,42.78,42.56,43.12,49.69,49.78,None
0.4,0.25,0.39,0.43,0.44,0.44,0.61,0.61,0.61,0.65,0.41,0.01,0.01,1.24,0.77,0.77,1.08,0.96,0.69,1.39,1.86,1.56,1.1,0.36,0.58,0.68,1.3,1.11,3.21,2.46,2.5,2.61,2.36,2.55,1.81,2.91,2.09,3.75,3.43,3.14,4.05,6.59,4.1,5.34,5.46,8.57,9.29,11.07,9.79,6.51,40.39,7.28,None
0.41,0.37,0.39,0.65,0.39,0.36,0.39,0.39,-0.36,-0.04,0.95,-0.03,0.13,0.62,0.72,0.09,0.4,-0.32,0.0,0.38,1.24,0.91,1.5,1.64,2.53,2.99,3.81,4.57,5.29,4.16,3.59,4.71,4.08,4.16,4.15,4.82,4.27,3.66,4.0,4.25,3.82,4.65,4.53,3.21,3.92,3.97,4.32,3.71,5.53,5.74,5.9,7.12,4.51,4.51,4.85,36.89,37.23,37.21,37.14,37.07,37.32,37.23,43.7,43.3,None,None
