0.35,0.37,0.37,0.25,0.36,0.26,0.18,0.33,0.68,0.57,0.38,0.6,0.28,0.14,0.36,-0.03,0.11,0.3,0.02,0.38,0.26,-2.38,0.46,0.32,0.39,0.09,0.08,0.25,0.22,0.47,0.32,0.17,0.37,0.26,0.26,0.21,0.42,0.12,4.82,0.68,1.31,0.32,0.17,0.12,0.07,0.06,0.05,0.17,0.11,0.02,-0.01,0.09,0.05,0.0,0.22,0.06,-0.03,0.1,0.12,0.06,0.08,0.03,0.0,0.11,0.0,-0.01,0.09,0.09,0.02,0.1,-0.02,-0.07,-0.02,0.0,0.0,-0.01,0.0,0.0,0.0,-0.09,0.06,0.0,0.01,0.1,0.13,0.0,0.0,0.0,0.1,-0.15,0.0,0.04,0.02,0.07,0.09,0.07,0.06,0.04,0.06,0.06,0.0,0.0,0.03,0.01,0.01,0.03,0.03,0.0,0.03,0.0,0.03,0.0
0.32,0.3,0.25,-0.17,0.1,0.32,0.31,0.27,0.41,0.46,0.53,0.51,0.92,1.18,0.86,0.51,0.63,0.79,0.74,0.5,1.11,0.98,0.58,0.49,0.6,0.5,0.53,0.32,0.32,0.5,0.53,0.68,0.57,0.47,0.8,0.37,0.37,0.0,0.79,1.0,1.23,1.31,1.1,1.5,1.55,1.08,5.79,0.65,1.47,1.35,1.94,1.85,2.25,3.46,3.08,2.43,2.64,2.25,2.02,2.43,2.98,3.08,1.91,1.93,2.14,1.62,2.76,1.52,1.61,3.08,2.34,2.15,1.39,1.78,1.7,1.75,1.83,2.25,1.95,1.54,1.68,1.9,1.89,2.76,1.75,1.52,3.11,3.01,1.24,1.46,1.7,1.51,1.38,1.43,1.57,2.28,1.93,1.96,2.1,2.03,1.46,2.03,2.24,2.4,1.53,1.38,1.59,1.63,1.89,0.92,2.9,2.62,2.01,2.23,3.28,2.19,1.08,1.77,1.77,1.81,2.49,2.61,2.65,3.3,3.24,2.52,2.52,2.76,3.07,3.15,2.51,3.14,3.25,3.81,3.66,5.15,3.02,3.71,4.53,3.79,5.03,5.15,5.82,5.71,5.82,5.81,5.7,5.43,5.65,5.61,7.98,8.06,8.14,8.02,7.86,7.65,7.75,7.64,7.67,None
0.32,0.25,0.26,0.09,0.1,0.23,0.25,0.27,0.25,0.46,0.53,0.69,1.18,1.18,0.99,0.1,0.88,1.17,-0.08,0.35,0.34,0.29,0.52,0.31,-0.08,1.83,0.59,0.31,0.2,0.43,0.84,1.39,1.07,0.59,0.64,0.6,0.81,0.94,1.14,0.81,0.55,0.25,0.22,0.3,0.3,0.27,0.28,0.24,0.24,0.35,0.3,0.41,0.59,0.39,0.25,0.33,0.18,0.27,0.22,0.25,0.24,0.23,0.27,0.32,0.19,0.26,0.25,0.24,0.29,0.22,0.19,0.23,0.17,0.32,0.21,0.1,0.26,0.4,0.28,0.42,0.2,0.32,0.23,0.28,0.28,0.28,0.19,0.35,0.27,0.25,0.25,0.21,0.27,0.21,0.28,0.23,0.43,0.2,0.32,0.28,0.25,0.25,0.28,0.25,0.21,0.11,0.19,0.16,0.09,0.06,0.06,0.2,0.37,0.84,0.84,1.11,0.2,0.11,0.15,0.06,0.07,0.07,0.06,0.06,0.09,0.07,0.07,0.07,0.05,0.05,0.05,0.05,0.05,0.05,0.07,0.1,0.09,0.03,0.02,0.03,0.09,0.06,0.06
0.3,0.45,0.41,0.39,0.36,0.33,0.59,0.88,0.39,0.42,0.35,0.33,0.16,-0.15,0.0,0.32,0.21,0.49,0.67,0.37,0.14,0.21,0.05,0.13,0.09,0.21,0.06,0.25,0.14,0.2,0.27,0.23,0.32,0.24,0.37,0.24,0.21,0.31,0.34,0.39,0.29,0.28,0.21,0.29,0.35,1.03,0.13,0.25,0.24,0.18,0.33,0.3,0.21,0.45,0.35,0.26,0.37,0.27,0.29,0.19,0.38,0.42,1.01,0.45,0.42,0.46,0.16,0.16,0.27,0.35,0.13,0.01,0.06,0.14,0.47,0.17,0.15,0.22,3.51,0.18,0.1,0.17,0.03,0.19,0.13,0.21,0.18,0.51,0.27,0.29,0.27,0.26,0.15,0.17,0.2,0.24,0.21,0.18,0.41,0.16,0.14,0.33,0.22,0.19,0.2,0.32,0.14,0.11,0.09,0.16,0.18,0.17,0.17,0.16,0.21,0.28,0.16,0.09,0.05,0.12,0.19,0.2,0.21,0.27,0.17,0.3,0.2,0.2,0.15,0.07,0.08,0.0,0.11,0.1,0.07,0.12,0.06,0.07,0.07,0.07,0.04,0.06,0.09,0.09,0.13,0.02,-0.07,-0.13,0.01,-0.04,0.0
0.2,0.2,0.2,0.39,0.36,0.39,0.32,0.41,0.36,0.29,0.2,0.0,0.19,0.32,0.41,0.41,0.1,0.27,0.17,0.26,0.08,0.13,0.11,0.03,0.12,0.18,0.05,0.16,0.1,0.14,0.06,0.18,0.38,0.0,0.26,-0.01,-0.04,-0.04,-0.09,0.25,0.53,-0.07,-0.19,1.16,-0.03,0.24,0.0,0.16,0.0,0.16,0.09,0.0,0.0,0.01,0.01,0.08,0.08,0.03,0.0,0.18,0.0,0.18,0.0
0.28,0.08,0.21,0.2,0.27,0.23,-0.24,0.6,0.04,0.15,-0.55,-0.11,-0.22,1.82,-0.03,0.25,0.23,-0.07,0.43,0.21,0.31,0.2,0.28,0.23,0.21,-0.35,-0.33,0.0,0.17,0.19,0.06,0.23,1.03,0.02,0.03,-0.19,-0.18,-0.11,-0.24,-0.1,-0.35,-0.1,0.0,0.01,0.08,5.26,-0.03,-0.03,0.02,0.05
0.26,0.48,0.5,0.36,0.3,0.48,0.37,0.29,0.35,0.22,0.31,0.12,0.21,0.0,0.06,0.27,0.04,0.28,0.14,0.1,-0.02,-0.13,0.35,0.3,-0.13,0.24,0.26,0.37,1.07,0.2,-0.28,-0.03,-0.03,-0.01,-1.33,-0.02,0.26,0.14,0.11,4.04,-0.02,0.18,0.23,0.3,1.18,1.18,1.18,0.03,0.0,-0.07,0.0,0.02,0.02,0.01,-0.07,0.0,0.0,0.08,0.03,0.02,0.01,0.02,-0.04,0.04,0.05,0.07,-0.03,-0.14,-0.14,0.0,-0.18,-0.18
0.26,0.44,0.46,0.97,0.58,0.72,0.36,-0.02,-0.14,0.57,0.57,0.31,0.05,0.53,0.83,0.04,0.39,0.74,0.46,1.08,0.63,0.57,0.79,0.72,0.39,0.32,0.63,1.07,0.55,0.6,0.72,0.82,0.82,0.23,0.34,0.19,0.1,0.1,0.2,0.12,0.23,0.23,0.24,0.16,0.2,0.33,0.21,0.18,0.07,2.41,0.22,0.12,0.07,0.03,0.12,-0.03,0.02,0.0,0.03,0.18,0.01,-0.04,-0.04,-0.11,-0.07,0.0,0.0,0.0,0.0,0.0,0.0,0.0
0.26,0.44,0.54,0.47,0.37,0.45,0.29,0.47,0.39,0.03,0.0,0.34,0.23,0.55,0.75,-0.08,-0.09,-0.04,-0.3,0.65,-0.73,0.82,1.16,1.44,0.23,0.32,-0.1,0.62,0.61,0.7,1.75,0.17,-0.14,0.19,3.0,1.97,0.32,-0.68,2.11,0.27,0.17,-0.16,0.56,0.64,1.41,-0.09,-0.66,-0.18,0.0,-0.02,-0.08,-0.27,-0.01,-0.08,-0.18,-0.06,-0.03,0.02,0.03,0.07,0.03,0.04,0.0,0.0,0.01,0.06,0.0,0.0,0.01,0.0,0.0,0.01,0.04,0.01,0.0,0.02,0.0,0.04,0.09,0.04,0.02,0.0,0.0,0.02,-0.03,0.01,-0.02,0.01,0.03,0.01,0.03,0.03,0.0,0.02,0.01,0.06,0.02,0.0,0.01,0.04,0.0,0.0,0.03,0.02,0.0,0.04,0.01,0.0,0.01,-0.01,0.0,0.04,0.02,0.01,0.03,0.0,0.0,0.0,0.04,0.0,0.0,0.0,0.0,0.03,0.0,0.0,0.0,0.06,0.05,0.07,0.05,0.08,0.06,0.04,0.04,0.04,0.04,0.03,0.07,0.07,0.04,0.05,0.05,0.03,0.09,0.04,0.03,0.0,0.03,0.04,0.02,0.05,0.01,0.01,0.03,0.08,0.07,0.07,0.11,0.07,0.07,0.06,0.06,0.12,0.01,0.0,0.0,0.01,0.02,0.03,0.01,0.06,0.03,0.07,0.07,-3.18,0.0,0.05,0.03,0.0,0.02,0.04,0.01,0.04,0.06,0.0,0.01,0.02,0.06,0.02,0.01,0.03,0.0,0.0,0.0,0.0,0.0,0.0,-3.72,-3.86,None,None
0.25,0.14,0.17,0.0,0.11,0.25,0.56,0.29,0.25,0.46,0.49,0.94,0.88,0.81,0.78,0.1,1.12,0.92,0.51,0.47,-0.2,0.17,0.25,-0.08,1.35,0.2,0.76,0.56,0.32,0.12,0.2,0.53,0.41,0.0,0.16,0.27,0.05,0.1,0.03,0.2,0.34,0.43,0.11,0.0,0.03,0.05,0.02,0.03,-0.04,-0.06,-0.17,0.05,0.08,0.14,-0.01,0.0,-0.01,-0.08
0.33,0.14,0.22,0.09,0.1,0.25,0.21,0.24,0.7,0.48,0.32,0.26,0.15,0.48,0.77,0.37,0.0,0.29,0.18,0.19,-0.03,-0.1,1.08,0.73,-0.01,0.3,0.0,-0.02,3.95,0.16,0.61,0.42,0.17,-0.13,0.0,0.89,2.19,0.28,0.28,0.28,0.49,0.27,0.25,0.21,0.28,0.38,0.27,0.28,0.13,0.12,0.32,0.25,0.13,0.12,0.13,0.15,0.15,0.15,0.1,0.07,0.1,0.04,0.24,0.15,0.17,3.83,0.23,0.16,0.17,0.25,0.15,0.15,0.14,0.26,0.16,0.25,0.05,0.14,0.02,0.14,0.2,0.15,0.16,0.16,0.0,0.03,0.04,0.04,-0.06,0.13,0.03,0.05,0.03,0.11,0.01,0.03,0.05,0.17,0.09,0.04,0.0,0.04,0.0,-0.02,0.0,0.03,0.03,0.0,0.03,0.0,0.03
0.28,0.28,0.28,0.28,0.4,0.28,0.28,0.28,0.44,0.32,0.36,0.49,0.59,0.44,0.28,0.27,0.27,0.64,2.28,1.57,0.82,0.31,0.69,1.01,-0.05,0.43,0.46,0.56,0.94,0.26,0.33,0.36,0.24,0.59,0.31,1.54,1.14,0.77,1.09,1.13,1.39,1.0,0.71,1.32,0.99,1.4,2.08,2.83,2.3,2.08,2.15,4.02,4.26,1.72,1.33,2.17,2.39,1.84,2.91,3.23,3.89,4.38,2.5,3.51,3.77,4.09,3.91,2.96,3.31,3.75,3.93,3.9,3.57,3.54,3.32,3.31,3.45,5.44,5.44,5.03,5.36,5.28,5.58,4.16,4.26,4.43,5.07,4.78,5.28,5.54,5.74,6.24,5.78,6.32,6.67,7.33,8.46,7.36,7.34,7.17,5.98,36.48,35.91,43.07,43.07,42.47,None,None
0.3,0.47,0.42,0.24,0.34,0.07,-0.01,0.29,0.22,0.22,0.25,0.31,0.23,0.17,0.02,0.05,0.49,0.42,-0.09,0.19,-0.01,0.2,0.29,0.22,0.12,0.11,0.04,0.02,1.54,0.34,-0.45,-0.24,0.62,0.67,5.69,0.39,0.17,0.73,0.48,0.39,0.82,1.35,0.29,0.45,0.29,0.0,0.57,0.52,0.53,0.54,0.17,0.46,0.03,0.47,-0.1,0.0,0.14,0.1,0.0,0.07,0.26,0.34,0.34,1.01,-0.22,0.0,0.0,0.0,0.13,-0.67,0.0,0.0,0.0,0.0,0.0,-0.06,0.0,-0.04,0.0,0.0,0.0,0.0
0.31,0.37,0.42,0.33,0.35,0.41,0.17,0.46,0.4,0.21,0.33,0.47,0.43,0.45,0.55,0.8,0.5,0.0,-0.09,1.1,-0.18,0.6,0.6,0.54,0.75,0.44,0.82,0.77,0.91,1.13,0.51,1.04,1.45,0.62,0.44,0.52,0.99,0.62,0.64,0.43,0.2,0.46,0.3,0.7,0.41,0.38,0.37,0.31,0.4,0.37,0.49,2.02,0.32,0.37,0.3,0.39,0.53,0.39,0.13,0.3,0.04,0.23,0.0,0.5,0.19,0.23,0.23,0.45,0.24,0.21,0.21,0.21,0.14,0.12,0.25,0.12,0.42,0.43,0.86,0.0,-0.07,0.0,-0.05,-0.02,0.0,0.0,0.0,0.0,0.0,0.0,0.0
0.33,0.46,0.46,0.53,1.35,0.58,0.75,0.64,0.76,0.14,0.65,0.35,0.21,0.21,0.18,-0.04,-0.08,0.17,0.34,0.91,0.12,0.3,0.25,0.27,0.7,0.34,0.18,0.17,0.14,0.29,0.22,0.02,0.07,0.0,0.06,0.08,0.13,0.0,0.5,0.12,0.12,0.19,0.16,0.27,0.13,0.12,0.14,0.23,0.18,0.19,0.2,0.18,0.18,0.11,0.15,0.19,0.13,0.13,-0.02,-0.01,0.0,-0.66,0.17,0.25,0.23,0.16,0.14,0.01,0.08,0.04,0.08,-0.21,-0.1,-0.04,-0.05,0.0,0.0,0.0,0.0,0.01,0.01,0.14,0.04,0.03,0.07,0.0,0.0,0.01,0.01,-0.24,0.04,-0.03,0.0,0.0,-0.01,-0.03,-0.02,0.0,-0.05,-0.01,-0.01,-0.02,-0.02,-0.04,0.0,0.03,0.01,0.0,0.01,-0.04,-0.01,-0.01,0.0,-0.01,0.0,0.0,0.0,0.0,0.0,0.0,-0.04,0.0,0.0,0.01,0.02
0.36,0.59,0.45,0.72,0.25,0.53,0.84,1.01,1.06,0.99,0.52,0.52,0.84,0.77,0.76,1.35,0.37,0.72,0.14,0.07,0.17,0.09,0.86,0.0,0.06,0.04,4.91,0.07,-0.01,0.01,0.07,0.01,0.05,0.02,0.03,0.11,0.06,0.03,0.02,0.05,0.05,0.02,0.15,0.06,0.1,0.0,0.01,0.05,-0.01,0.0,0.01,0.01,0.0,-0.01,0.0,0.03,0.01,0.0,0.02,0.0,0.02,0.05,0.03,0.03,0.04,0.07,0.09,0.1,0.13,0.07,-2.75,0.1,-0.08,0.06,0.18,0.12,0.07,0.05,0.04,0.04,0.04,0.06,0.02,0.0,0.06,0.03,0.03,0.05,0.07,0.04,0.03,0.05,0.0,0.04,0.04,0.02,0.0,0.02,0.07,0.04,0.03,0.01,0.05,0.02,0.02,0.03,0.01,0.04,0.03,0.01,0.03,0.03,0.02,0.04,0.03,0.04,0.04,0.04,0.04,0.01,0.03,0.03,0.02,0.0,0.0,0.0,0.03,0.0,0.0,0.0,0.0,-3.21,-1.82,-0.97,-0.3,-0.31,-0.03,-0.14,-0.35,0.0,-0.01,0.01,-0.4,-0.38,-0.42
0.35,0.43,0.39,0.39,0.67,0.65,0.6,0.84,0.5,0.56,0.3,-0.07,0.24,0.34,0.37,0.38,0.4,0.09,0.5,0.1,0.33,0.56,0.35,0.2,0.27,0.07,0.14,2.88,-0.01,0.01,0.0,0.04,0.12,0.38,0.38,0.38,0.24,0.2,0.36,0.32,0.34,0.34,0.33,0.07,0.07,0.13,0.03,0.0,-0.01,0.04,-0.14,0.06,-0.22,-0.13,-0.08,-0.04,-0.04,-0.04,-0.03,-0.01,0.0,0.0,0.0,0.0,0.0,0.0,-0.13,-0.1,-0.05,0.04,-0.77,-0.21,0.08,0.28,0.28,0.18,0.0,0.3,0.15,0.72,0.27,0.0,0.03,0.18,0.0,0.16,0.16,0.17,0.05,0.0,0.0,0.05
0.35,0.37,0.18,0.0,0.17,0.4,0.52,0.96,1.07,1.05,0.27,0.62,-0.14,-0.57,0.53,0.78,-0.12,0.4,0.32,0.5,0.38,0.89,0.28,0.24,0.24,0.18,0.22,0.41,0.54,0.76,0.27,-4.35,0.24,0.71,0.51,1.7,0.52,2.55,0.25,0.14,0.19,0.59,0.55,0.2,0.08,0.1,0.25,0.04,0.21,0.19,0.13,0.19,0.03,0.06,0.08,0.21,0.04,0.05,0.07,0.04,0.07,0.0,0.08,0.03,0.03,0.05,0.04,0.16,0.16,0.01,0.04,0.02,0.03,0.05,0.03,3.82,0.0,0.05,1.92,0.04,0.57,0.11,0.08,0.1,0.1,0.07,0.05,0.19,1.25,0.08,0.08,0.08,0.06,0.05,0.08,0.05,0.01,0.0,0.0,0.0,-0.13,-0.13,-0.11
0.35,0.13,0.25,0.25,-0.07,0.32,0.93,0.69,0.69,1.05,0.65,0.65,0.47,0.06,0.51,-0.07,-0.34,0.3,0.53,0.42,0.03,0.39,0.44,0.18,0.2,0.17,0.51,0.6,0.24,0.42,1.47,0.4,0.46,0.45,0.49,1.29,0.55,0.48,0.45,0.5,0.44,0.61,0.5,0.46,0.37,0.4,0.46,0.44,0.4,0.78,0.41,0.29,0.57,0.6,0.36,0.41,0.27,1.6,0.35,0.63,0.36,0.23,0.32,0.29,0.37,0.37,0.91,0.27,0.19,0.0,0.43,0.3,0.09,0.1,0.47,0.26,0.2,0.25,0.42,0.39,-1.32,1.48,-0.41,-0.5,0.11,-1.51,-0.67,-0.69,-0.45,-0.33,-0.43,-1.3,-0.83,-0.68,-0.52,-0.49,1.08,0.16,-0.74,-0.6,-0.24,-0.61,-0.11,-0.93,-0.88,-0.29,-0.28,-0.09,0.0,-0.01,-0.01,-0.01,0.0,0.0,0.07,0.08,0.05,0.01,0.0,0.0,0.0,0.0,0.0,0.0,0.0,0.01,-0.02
0.3,0.32,0.52,0.51,0.47,0.56,0.63,0.34,0.49,0.31,0.19,0.57,0.85,0.91,0.52,0.67,0.35,0.19,0.53,0.52,0.48,0.51,0.1,-0.13,0.43,0.63,0.37,0.3,0.49,-0.09,0.29,0.08,0.72,0.01,0.0,0.01,0.45,0.08,0.1,1.71,0.14,0.14,5.75,-1.0,0.02,0.37,0.01,0.0,0.01,0.0,0.01,-0.1,0.06,0.0,0.0,0.09,-0.13,-0.09,-0.17,-0.02,-0.04,0.0,0.0,-0.01,0.01,0.04,0.22,0.16,0.05,0.05,0.32,0.04,0.22,0.18,0.0,0.0,0.05,0.0,0.0,0.0,0.0,0.03,0.0,0.0,0.0,0.0,0.0,0.0,0.0,0.0
0.31,0.46,0.46,0.33,0.15,0.2,0.7,0.48,0.15,0.16,0.44,0.12,0.48,0.31,0.28,0.21,0.44,0.7,0.0,-0.09,0.02,-0.23,0.13,0.4,0.49,0.38,0.57,0.73,1.31,1.24,0.9,1.05,0.67,0.64,0.61,0.61,0.27,0.35,2.39,1.06,0.44,0.52,2.09,1.45,1.41,1.57,1.57,1.64,1.74,1.96,1.48,3.39,2.94,2.95,4.13,3.78,2.89,3.51,2.71,4.51,4.2,3.92,4.16,5.34,5.57,4.98,5.52,5.89,5.96,6.32,5.92,5.07,6.65,34.38,34.79,None,None,None
0.3,0.3,0.52,0.45,0.39,0.59,0.63,0.49,0.74,0.49,0.73,0.24,0.21,0.21,0.2,0.45,0.36,0.28,0.46,0.38,0.56,0.59,0.82,0.81,0.7,0.68,1.07,0.41,0.9,0.56,0.37,0.47,0.79,0.53,0.12,0.9,0.42,0.55,0.65,0.13,0.27,0.1,0.1,0.07,0.02,0.07,0.02,0.13,0.02
0.35,0.46,0.46,0.26,0.4,0.41,0.43,0.69,0.39,0.51,-0.85,-0.04,0.09,0.27,0.84,0.23,1.82,0.82,1.76,1.43,1.31,1.6,1.1,2.11,1.57,2.14,2.05,2.1,2.22,2.31,2.96,2.81,2.79,4.96,3.61,3.01,3.15,2.14,2.77,3.06,2.02,5.68,2.87,4.7,4.32,5.02,6.33,4.48,5.73,5.44,5.18,6.03,5.5,5.0,5.17,4.97,4.76,4.68,5.42,4.65,4.47,5.89,6.53,6.22,7.59,7.34,7.8,8.06,10.93,8.73,7.66,7.33,6.68,7.16,None
0.3,0.17,0.18,0.17,-0.07,0.37,0.42,0.82,0.73,0.65,0.47,0.0,0.92,1.2,1.52,1.35,0.75,0.92,0.86,0.3,0.17,0.5,0.46,0.5,0.62,0.56,0.7,1.49,0.74,0.12,0.61,1.05,2.0,1.1,0.79,0.26,0.5,0.82,0.74,0.62,1.08,0.75,0.78,0.82,0.2,0.53,0.71,0.69,0.88,0.95,0.34,0.3,0.26,0.26,0.39,0.4,2.56,1.18,1.42,0.84,1.42,0.69,0.84,0.29,0.25,0.23,0.66,0.9,0.42,0.09,0.09,0.09,0.0,0.0,0.0,0.09
0.3,0.3,0.61,0.63,0.72,0.72,0.61,1.04,0.53,0.33,0.33,0.29,0.41,0.23,-0.05,0.24,0.16,0.29,0.44,0.43,1.22,0.83,0.83,1.23,0.11,0.11,0.27,0.31,0.28,0.17,0.31,1.08,0.29,0.2,0.25,0.19,0.24,0.73,0.53,0.52,0.39,0.39,0.57,0.42,0.36,0.57,0.77,0.24,0.6,1.37,0.33,0.22,0.2,0.22,0.25,0.39,0.81,0.16,0.14,0.15,0.1,0.06,0.16,0.21,0.1,2.27,0.2,0.17,0.07,0.1,0.17,0.22,0.17,0.12,0.03,2.99,0.14,0.0,-0.03,-0.07,0.0,0.0,0.0,-0.02,-0.01,-0.05,-0.01,-0.01,-0.01,-0.03,-0.03,-0.01,-0.03,-0.02,-0.03,0.0,-0.02,0.0,-0.01,3.62,-0.01,0.0,0.0,0.0,0.03,-0.01,-0.01,-0.01,-0.02,0.0,-0.01,0.0,-0.01,-0.04,0.01,0.0,-0.01,0.0,0.02,0.0,0.0,0.02,0.0,0.01,0.0,0.01,0.0,0.0,0.01,0.0,4.0,3.96,4.21,4.17,4.46,5.17,5.66,5.79,6.64,6.66,6.45,7.39,7.48,8.56,7.43,7.44,None
0.3,0.43,0.41,0.22,0.07,0.32,-0.05,0.27,0.51,0.4,0.47,0.48,0.37,0.16,0.42,0.65,0.64,0.3,0.28,0.43,0.38,0.35,0.42,1.84,0.42,0.47,0.44,0.35,0.24,-0.11,0.58,0.85,0.35,0.33,0.36,0.31,0.36,0.29,0.17,0.49,0.29,0.22,0.22,0.39,0.4,0.27,0.28,0.42,1.14,0.45,0.19,0.57,0.21,0.12,0.15,0.51,0.23,0.17,0.19,0.17,0.2,0.15,0.15,0.22,3.6,0.17,0.28,0.25,0.12,0.01,0.22,0.2,0.17,0.18,0.23,0.2,0.13,0.22,0.17,0.35,0.12,0.19,0.19,0.17,0.17,0.14,0.11,0.12,0.12,0.15,0.1,0.08,0.08,0.14,0.14,0.15,0.14,0.18,0.12,0.11,0.13,0.09,0.12,0.2,0.16,0.1,0.09,0.08,0.09,0.14,0.07,0.16,0.15,0.15,0.14,0.15,0.08,0.33,0.12,0.11,0.09,0.11,0.1,0.08,0.08,0.09,0.08,0.13,0.14,0.11,0.05,0.09,0.16,0.16,0.08,0.07,0.07,0.16,0.19,0.11,0.14,0.13,0.14,0.12,0.12,0.1,0.0,0.02,0.08,0.16,0.12,0.08,0.1,0.06,0.11,0.04,0.06,0.08,0.07,0.04,0.07,0.13,0.08,0.11,0.12,0.12,0.06,0.09,0.09,0.07,0.11,0.11,0.1,0.08,0.09,0.07,0.11,0.09,0.06,0.1,0.09,0.07,0.07,0.06,0.1,0.15,0.12,0.13,0.1,0.11,0.12,0.08,0.13,0.1,0.1,0.06,0.03,0.04,0.02,0.07,0.03,0.0,-0.16,-0.33,-0.24,-0.04,-0.02,0.01,0.02,0.01,0.04,0.05,0.02,0.0,0.0,0.03,0.06,0.04,-0.41,-0.43,-0.4
0.31,0.36,0.36,0.36,0.3,0.42,0.3,0.15,0.01,-0.09,0.32,0.99,0.49,0.0,1.7,0.76,0.46,0.46,0.12,-0.32,0.0,-0.02,0.25,0.4,0.29,0.47,3.32,4.03,0.01,0.08,0.15,0.19,0.17,0.56,0.29,0.08,0.63,0.19,0.05,-0.37,-0.37,0.15,0.35,0.35,0.25,0.24,0.24,0.18,0.18,0.18,0.34,0.34,0.17,0.17,0.0,0.35
0.33,0.46,0.46,0.53,1.35,0.58,0.75,0.64,0.76,0.14,0.65,0.35,0.11,0.05,0.37,0.35,3.07,0.13,0.25,0.13,0.34,0.94,0.14,0.14,0.13,-0.14,0.36,0.26,0.4,0.95,0.18,1.1,1.49,2.49,0.8,0.11,0.04,0.21,0.31,-0.33,-0.03,0.19,0.19,0.14,0.31,0.23,0.15,0.14,0.5,0.11,0.1,0.04,0.18,0.16,0.06,0.03,-0.03,-0.01,-0.01,-0.05,-0.06,0.23,0.0,0.04,0.01,-0.01,0.0,-0.01,0.0,-0.01,0.0,-0.07,-0.06,0.0,0.0,0.04,0.0,0.0,-0.02,0.04,-0.03,-0.01,-0.02,-0.02,-0.02,-0.02,-0.03,-0.05,-0.01,0.0,-0.02,-0.01,0.0,-0.01,0.0,0.0,-0.02,0.0,0.0,0.0,0.0,-0.02,0.0,0.03,-0.01,0.0,0.0,-0.01,-0.01,-0.01,0.0,-0.02,0.03,-0.02,-0.02,0.0,-0.01,0.0,0.0,0.02,-0.02,0.0,0.0,0.0,0.0,0.0,0.0,0.0,0.0,0.0,0.0,0.0,0.0,4.93,0.01,0.0,0.0,0.0,0.0
0.39,0.44,0.52,0.75,0.52,0.63,0.26,0.65,0.33,0.07,0.05,0.29,0.56,0.63,0.99,0.78,-0.82,-0.04,0.56,0.07,0.41,-0.29,-0.85,-0.42,0.21,0.3,-0.06,-0.78,-0.42,-0.52,-0.95,-0.6,-0.64,-0.1,-0.08,0.11,-0.25,-1.37,-1.26,1.53,-0.57,-0.38,-0.38,-3.71,1.85,-0.51,-1.05,-1.62,-1.47,-1.14,-1.6,-1.46,-1.24,-1.34,-0.62,-0.5,0.28,-0.8,0.0,-0.31,-0.98,-0.98,-0.63,-0.76,-0.41,-0.29,-0.21,-0.14,0.12,0.13,0.13,0.03,-0.02,-0.09,-0.39,-0.42
0.33,0.48,0.36,0.36,0.38,0.4,0.3,0.42,1.11,2.36,0.84,0.71,0.4,1.07,0.5,0.47,0.16,1.14,0.66,0.67,0.97,1.3,0.75,0.19,0.8,0.77,0.69,0.5,0.72,0.64,0.72,0.52,0.57,0.1,0.54,0.43,0.39,3.83,0.6,-0.1,0.06,0.6,-0.17,0.19,0.16,0.1,0.08,0.09,0.1,0.1,0.08,0.03,0.07,0.21,0.02,0.02,0.07,0.03,0.14,0.11,0.05,0.03,0.06,0.04,0.04,0.05,0.04,0.07,0.03,0.03,0.02,0.03,0.03,0.04,0.04,0.04,0.05,0.05,0.06,0.07,0.08,0.06,0.07,0.06,0.05,0.08,0.04,0.04,0.02,0.06,0.02,0.05,0.05,0.01,0.02,0.03,0.07,0.06,0.06,0.09,0.09,0.05,0.03,0.02,0.09,0.07,0.33,0.12,0.07,0.04,0.03,0.0,0.04,0.05,0.03,0.03,0.04,0.05,0.06,0.02,0.01,0.04,0.05,0.02,0.03,0.0,0.03,0.01,0.04,0.02,0.04,0.03,0.06,0.04,0.07,0.04,0.02,0.12,0.04,0.0,0.09,0.01,0.0,0.04,0.0,0.0,0.0,0.0,-4.22,-3.18,-3.05,-3.78,-2.11,-3.09,-4.09,-4.51,-4.09,-6.64,-7.27,-7.27,-8.55,-35.84,-35.41,-34.89,-34.89,-34.48,-34.17,-33.52,-33.5,None
0.3,0.43,0.48,0.13,0.13,0.15,0.16,0.34,0.41,0.37,0.5,0.41,0.33,0.37,0.62,0.32,0.59,0.43,0.43,0.32,1.09,0.25,0.41,0.28,0.87,0.09,0.83,0.37,0.26,1.12,0.63,0.52,0.04,0.31,0.96,0.42,-0.08,0.36,0.84,0.69,0.15,0.37,0.03,0.3,0.17,0.04,0.0,0.03,0.15,0.09,0.05,0.05,0.03,-0.06,0.22,0.0,0.18,-0.07,0.15,0.0,0.01,0.03,0.03,0.0,-0.05,-0.06,-0.07,0.05,-0.02,0.0,0.0,-0.04,-0.01,-0.02,-0.03,-0.04,-0.05,0.0,-0.01,0.0,0.0,0.0,0.0,0.0,0.0,0.0,0.0,0.0,0.01,-0.03,0.0
0.3,0.09,0.12,0.2,0.2,0.17,0.3,0.59,0.69,0.62,0.83,0.54,0.36,0.71,0.64,0.28,0.43,0.21,0.2,0.26,-0.09,0.1,0.3,0.21,0.0,-0.06,0.01,0.35,0.1,0.12,0.54,0.71,0.17,0.66,0.59,0.0,0.07,0.02,0.06,0.04,-0.1,-0.11,0.0,-0.04,0.02,0.02,0.02,0.0,0.0,0.0,0.08,0.04,0.0,0.02,-0.01,-0.09,-0.03,-0.01,0.04,0.04,0.06,0.05,0.0,0.0,0.03,0.03,0.02,0.02,0.06,-0.01,0.0,-0.01
0.3,0.23,0.16,0.16,0.14,0.14,0.42,0.59,0.61,0.4,0.34,0.87,0.31,0.05,0.5,0.16,0.38,0.29,0.34,0.33,0.35,0.32,0.12,0.12,-0.22,-0.4,-0.58,0.78,0.33,0.37,0.25,0.14,0.16,1.11,0.07,0.1,0.23,0.11,0.36,0.12,-0.07,0.0,0.0,0.0,0.01,0.16,0.06,0.0,0.36,0.04,0.02,0.07,0.0,0.06,-0.03,0.0,0.0,0.01,0.01,-0.32,-0.01,0.14,0.02,-0.02,0.0,0.0,0.0,-0.04,-0.05,-0.02,0.0,5.41,0.02,0.01,0.03,0.03,0.0,0.02,-0.25,-0.21,-0.01,-0.08,0.04,0.0,0.03,0.08,0.04,0.02,0.0,0.0,0.0,0.0,-2.84,-3.38,-2.62,-2.67,-1.98,-2.98,-2.97,-3.32,-4.63,-5.41,-4.86,-5.69,-5.98,-5.36,-5.81,-6.47,-6.49,-6.49,-5.59,-5.57,-5.28,-7.37,-7.43,-6.2,-7.14,-7.1,-6.83,-9.19,-17.28,-17.86,None,None
0.3,0.35,0.52,0.39,0.57,0.63,0.19,1.31,0.6,0.44,0.27,0.55,0.11,0.51,0.46,0.31,0.44,0.57,0.55,0.76,0.6,0.39,-0.03,0.91,0.97,0.73,0.73,0.7,1.3,1.04,1.32,1.18,1.24,1.63,1.47,1.53,1.7,1.99,2.02,1.69,1.58,1.89,1.35,1.42,1.94,1.63,1.33,1.3,1.47,1.37,1.85,1.97,2.31,2.0,2.44,2.33,3.56,2.14,1.73,2.25,2.25,2.37,4.09,4.31,1.96,2.28,2.08,2.21,1.73,2.22,2.2,2.18,2.2,2.18,4.15,1.96,2.0,2.0,1.91,1.9,1.99,1.85,1.67,1.73,1.67,1.76,1.93,1.75,1.82,1.57,1.42,1.7,3.42,3.39,3.87,2.53,-0.04,1.22,0.02,2.07,3.2,3.46,4.26,4.63,5.19,4.71,4.85,4.78,5.09,5.11,5.34,6.66,6.58,6.86,6.11,6.22,6.63,6.69,8.13,7.75,6.93,7.88,8.61,None
0.42,0.08,0.25,0.16,-0.08,-0.1,0.02,0.17,0.58,0.54,0.36,0.5,0.23,0.19,0.23,0.2,0.16,0.45,0.0,0.28,-0.12,-0.21,0.08,-0.08,-0.17,0.21,0.0,0.0,-0.08,0.07,-0.22,0.62,0.05,0.12,0.13,-0.15,-0.1,-0.26,-0.83,-0.06,0.01,4.16,3.1,0.14,0.38,0.11,0.07,0.1,0.07,0.17,0.42,0.15,0.24,0.0,0.0,0.0,0.34,0.15,0.12,0.07,0.06,0.02,0.02,-0.02,-0.05,-0.01,0.0,0.02,-0.01,-0.03,0.0,-0.03,-0.02,-0.03,-0.04,-0.04,-0.03,-0.01,-0.03,-0.01,-0.02,-0.01,0.0,-0.02,-0.02,0.0,0.05,-0.02,0.0,-0.02,0.0,-0.02,0.0,-0.02,-0.01,-0.02,0.01,-0.01,-0.03,0.05,-0.02,-0.02,-0.01,0.0,-0.01,0.0,0.0,0.02,0.03,0.03,0.02,0.05,0.06
0.41,0.41,0.52,0.72,0.57,0.39,0.61,1.04,0.53,0.33,0.33,0.29,0.49,0.59,0.57,0.56,0.47,0.01,0.19,1.16,-0.1,0.19,0.01,0.0,0.23,0.01,0.31,0.31,0.08,0.18,0.23,0.1,0.22,0.15,0.09,0.35,0.13,0.11,0.11,0.16,0.12,0.12,0.04,0.59,0.05,-0.27,0.2,0.08,0.31,0.31,0.09,0.0,0.01,0.01,0.01,0.01,0.09,0.53,0.0,0.0,0.08,0.0,0.0,0.0,0.0,0.08,0.0
0.37,0.43,0.55,0.37,0.41,0.31,0.57,0.36,1.21,0.06,0.17,0.21,0.07,0.05,0.03,0.0,0.09,0.01,0.07,0.17,0.39,0.13,0.67,0.14,0.45,0.06,0.26,0.21,2.53,0.28,0.17,0.3,0.14,2.8,0.35,0.0,0.23,-0.02,0.44,0.01,0.0,0.1,0.07,0.46,0.21,0.01,0.04,0.07,0.03,0.07,0.07,0.13,0.12,0.19,0.04,0.1,0.26,0.0,0.06,0.16,0.18,0.1,0.04,0.2,0.09,0.06,0.09,0.09,0.1,0.19,0.08,0.07,0.05,0.11,0.13,0.09,0.08,0.04,0.04,0.07,0.15,0.08,0.07,0.08,0.1,0.09,0.11,0.08,0.14,0.04,0.14,0.08,0.08,0.07,0.08,0.11,0.07,0.08,0.16,0.07,0.08,0.14,0.05,0.03,0.06,0.09,0.07,0.09,0.07,-0.06,0.02,0.04,0.07,0.0,-0.01,0.01,0.0,0.0,0.01,0.0,0.04,0.16,0.0,0.0,0.02,0.04,0.06,0.06,0.05,0.0,0.1,0.03,0.06,0.05,0.08,0.07,0.04,0.02,0.01,0.0,0.0,0.0,0.01,0.0,0.04,0.05,0.02,0.02,0.02,0.01,0.03,0.01,0.02,0.02,0.0,0.0,0.03,0.02,0.0,0.0,0.0,0.0,-0.02,0.01,0.0,-0.01,0.01,0.0,0.0,-0.48,-4.21,-2.13,-4.58,-4.8,-4.8,-4.78,-7.88,-8.79,-9.69,-8.73,-38.01,-35.99,-37.59,-37.02,-36.63,-36.29,-36.1,-35.49,-35.14,None
0.45,0.45,0.45,0.45,0.36,0.36,0.36,0.44,0.31,0.24,0.36,-0.1,0.29,0.27,0.16,0.12,-0.06,0.15,0.47,0.36,0.34,0.25,0.24,0.54,0.24,-0.02,0.39,0.62,0.76,0.65,0.78,1.03,0.36,0.39,0.58,0.91,0.55,1.89,0.5,1.73,-1.02,0.51,0.11,0.52,0.33,1.61,0.71,1.01,0.27,2.1,0.69,0.6,0.79,0.46,0.63,0.25,0.19,0.34,0.17,0.36,0.29,0.81,0.03,0.16,0.16,0.16,0.24,0.15,0.14,0.05,0.21,0.16,0.18,0.25,0.21,0.19,0.3,0.09,0.3,0.04,0.02,0.02,0.14,0.24,0.69,1.25,1.26,0.05,-0.46,-0.33
0.44,0.59,0.4,0.48,0.25,0.72,1.92,0.13,0.06,0.18,0.1,0.06,0.35,0.24,0.17,0.0,0.27,0.78,0.78,1.1,-0.41,-0.1,0.21,-0.01,0.0,0.0,0.0,0.0
0.3,0.02,0.16,0.16,-0.04,0.23,0.42,0.37,0.61,0.28,0.24,0.4,0.0,0.77,0.42,2.86,-0.03,0.5,0.27,0.83,0.42,0.08,0.27,0.45,0.46,-0.92,0.35,0.49,0.13,0.76,0.93,0.74,0.68,0.45,-0.04,0.5,0.49,0.46,0.73,0.81,0.46,0.55,0.91,0.91,0.78,0.25,0.05,0.03,0.1,0.09,1.44,0.17,0.12,0.09,0.11,0.75,0.1,0.03,0.06,0.17,0.17,0.07,0.16,0.01,0.02,0.0,0.02,0.03,0.03,0.0,0.0,-1.82,0.4,0.0,0.0,-0.02,0.0,-0.07,-0.28,0.0,-0.02,0.0,0.0,0.0,0.0,0.0,-0.05
0.32,0.32,0.32,0.36,0.33,0.31,0.46,0.44,0.34,0.19,0.19,0.05,0.21,0.05,0.07,0.3,0.13,0.19,0.21,0.28,0.3,0.26,0.61,0.38,0.38,0.63,0.48,0.16,0.31,0.41,0.51,0.53,0.7,1.34,0.37,0.61,0.55,0.5,1.21,1.02,1.36,0.91,1.19,1.6,1.59,1.44,1.08,1.36,1.36,1.18,1.31,0.74,2.12,1.71,2.0,1.21,2.1,1.74,1.77,1.77,1.36,1.64,2.26,2.49,1.93,2.36,2.8,2.32,2.8,1.91,2.88,2.88,2.53,2.09,3.1,2.12,3.07,3.18,3.37,3.22,2.63,3.02,3.45,4.22,4.48,4.71,4.89,4.96,4.88,4.6,6.33,7.06,4.99,6.05,6.51,6.48,6.76,7.55,None
0.36,0.45,0.52,0.34,0.5,1.12,2.02,0.5,0.59,0.03,0.81,0.81,0.79,0.5,0.32,0.58,0.54,1.2,0.75,0.84,1.05,0.93,1.53,0.74,0.91,1.07,1.0,1.96,1.1,1.0,1.35,1.77,1.72,1.5,1.69,1.53,2.2,1.27,4.11,1.53,2.1,1.75,2.58,2.75,2.42,2.09,2.69,3.12,2.42,1.36,2.14,1.93,2.02,2.02,2.17,2.73,3.39,2.35,3.08,3.08,2.65,3.21,3.05,2.87,3.06,3.28,4.28,5.32,4.27,5.64,4.92,5.16,4.53,4.86,4.83,4.97,5.46,5.57,4.84,4.64,4.85,5.94,5.06,6.39,5.16,4.98,5.49,5.39,5.77,5.21,6.14,6.22,6.3,7.0,5.11,5.02,4.73,5.46,5.4,5.6,6.9,5.63,5.84,4.87,5.4,None,None
0.33,0.46,0.46,0.53,1.35,0.58,-0.3,0.58,0.91,0.29,0.32,0.14,0.29,0.26,0.1,0.32,0.0,0.42,0.26,0.34,0.03,0.03,0.05,-0.08,0.36,0.18,0.42,0.17,0.33,0.12,-0.04,0.03,0.22,0.48,0.09,0.16,0.73,0.09,0.44,-0.27,-0.23,0.35,0.09,-0.25,0.0,-0.01,-0.01,0.0,-0.15,-0.23,0.04,0.04,0.15,0.07,0.17,0.17,0.14,0.02,0.0,0.0,0.0,2.72,0.16,0.0,-0.09,0.0,0.0,0.0,-0.03,0.0,0.0,0.0,0.0,0.0,0.0
0.41,0.37,0.18,-0.06,0.12,0.15,0.23,0.35,0.61,0.73,0.04,0.64,1.0,1.26,0.77,0.58,0.96,0.16,0.67,-0.08,1.2,0.97,0.63,0.73,0.78,0.96,0.6,1.13,1.46,0.34,0.52,0.66,0.65,0.9,0.42,0.16,0.22,-0.11,-0.15,0.72,0.48,-0.08,-0.19,0.04,0.28,0.22,0.1,-0.01,-0.14,0.1,0.04,0.08,0.08,0.35,0.07,0.07,0.12,0.06,0.03,0.0,0.12,0.02,0.02
0.32,0.32,0.32,0.44,0.96,0.5,-0.3,0.42,0.27,0.04,0.24,-0.09,0.35,0.28,0.07,0.24,0.08,0.13,0.17,0.21,0.0,0.28,0.25,0.26,0.18,0.1,-0.03,0.22,0.3,0.18,0.08,0.13,0.24,0.26,0.24,0.21,0.13,0.08,-0.07,-0.08,0.29,0.06,0.33,0.04,0.11,-0.16,0.09,-0.03,-0.23,0.0,0.0,0.0,0.0,0.0,0.0,0.0,0.0,0.0
0.27,0.17,0.26,0.26,0.12,0.23,0.31,0.37,0.54,0.13,0.25,-0.03,-0.06,-0.21,-0.38,-0.04,-0.06,0.1,0.2,0.08,0.31,0.46,0.0,-0.02,0.39,0.39,0.55,0.0,-0.27,0.0,0.48,-0.12,0.03,0.24,0.33,1.78,0.59,0.01,0.33,0.43,0.82,0.68,0.48,0.43,0.44,0.14,0.06,0.47,0.52,2.29,0.32,0.6,1.1,0.17,0.32,0.35,0.45,0.32,1.13,0.36,0.36,0.47,0.39,0.25,0.21,0.87,0.58,0.17,0.31,0.22,0.28,0.28,0.04,0.04,0.57,0.0,0.38,0.16,0.14,0.09,-0.11,-0.02,0.0,-0.03,0.0,-0.16,0.31,0.13,0.07,0.04,-0.48,0.05,-0.16,0.05,0.44,0.44,0.39,0.25,0.12,0.08,0.86,0.01,3.63,0.03,0.0,0.0,0.0,0.0,0.0,0.0,0.03,0.08,0.14,0.15,0.14,0.07,0.22,0.24,0.12,0.12,0.06,0.03,0.06
0.32,0.25,0.27,0.03,0.03,0.18,0.21,0.51,0.53,0.41,0.26,0.88,0.55,0.5,0.54,0.6,0.6,0.37,0.38,-0.19,0.06,1.08,-0.03,0.5,0.35,0.4,0.16,0.0,0.42,0.22,0.26,0.26,0.22,1.36,1.18,0.35,0.21,0.53,0.39,0.3,0.29,0.29,0.13,0.08,0.14,0.3,0.2,0.31,0.54,0.32,0.21,0.2,0.21,0.0,0.31,0.26,0.2,0.02,0.0,-0.03,-0.05,0.0,-0.07,-0.02,-0.03,-0.06,-0.04,-0.06,-0.05,-0.03,-0.03,-0.03,-0.03,-0.03,-0.04,-0.02,0.01,-0.04,-0.03,-0.03,-0.03,-0.03,-0.03,-0.03,0.0,-0.01,-0.03,-0.04,-0.02,-0.03,-0.02,-0.04,-0.02,0.0,0.01,0.01,0.03,0.02,0.01,0.02,0.0
0.36,0.46,0.52,0.64,0.76,0.48,0.41,0.67,0.73,0.19,0.34,0.39,1.07,0.96,0.88,0.72,0.78,0.37,0.17,0.19,0.25,0.38,0.25,0.04,0.25,0.16,0.12,0.08,0.02,0.14,0.12,0.07,0.0,0.41,0.25,0.12,0.06,0.47,0.0,0.08,0.0,0.07,0.35,0.0,0.01,0.25,-0.01,-0.04,0.03,-0.05,-0.09,-0.09,0.02,0.08,0.08,0.05,0.14,0.01,0.02,0.04,0.06,0.1,0.12,0.04,0.05,0.03,0.02,0.0,0.05,0.03,0.1,0.01,0.06,0.08,0.06,0.31,0.2,0.09,0.04,-0.03,-0.04,-0.01,0.0,0.05,0.0,-0.02,0.02,0.06,0.07,0.09,0.08,0.04,0.05,0.07,0.03,0.0,0.01,0.0,0.0,0.01,0.01,0.01,0.02,0.0,0.02,0.01,0.02,0.01,0.0,0.03,0.01,0.0,0.01,0.0,0.01,0.01,0.01,0.0,0.0,0.0,0.0,0.0,0.0,0.0,0.0
0.36,0.05,0.0,0.05,0.26,0.48,0.27,0.16,0.21,0.76,0.6,0.65,0.17,0.44,0.07,1.31,0.46,0.3,0.21,1.13,-0.13,0.63,0.82,-0.09,-0.43,0.14,-0.57,0.11,5.99,0.0,-0.1,-0.05,0.07,0.04,-0.08,0.08,0.14,0.0,0.02,0.01,0.02,0.07,0.07,0.3,0.03,0.03,0.01,0.0,0.0,-0.16,-0.06,0.41,0.14,-4.53,-0.42,-0.05,-0.18,0.0,0.0,-0.07,-0.41,0.0,0.0,-0.02,-0.42,-0.37,0.0,-0.5,-0.47,-0.56,-0.07,0.0,-0.02,0.0,0.0,0.0
0.36,0.36,0.36,0.4,0.46,0.46,0.42,0.42,0.38,0.24,0.24,0.21,0.06,0.19,0.24,0.25,0.13,0.16,0.17,0.1,0.05,0.1,0.12,0.27,0.25,0.31,0.88,0.48,0.43,0.39,0.44,1.29,1.6,0.48,1.8,1.09,1.08,0.55,1.6,1.92,1.04,1.4,1.12,1.17,1.39,1.45,1.23,1.33,1.48,1.48,1.12,1.6,1.39,2.69,1.99,2.12,1.73,1.83,2.09,2.6,2.6,1.8,1.8,1.46,1.93,2.03,1.64,2.21,1.85,2.36,2.42,2.65,3.04,2.71,4.49,1.53,2.84,2.61,2.73,2.78,3.37,3.1,2.77,3.64,3.31,4.14,4.14,4.39,4.46,4.6,4.99,5.68,6.0,5.96,5.57,5.64,6.06,5.84,6.28,6.34,6.52,8.02,39.23,8.39,36.75,36.4,43.39,43.52,None,None
0.4,0.33,0.27,-0.04,0.04,0.29,0.3,0.5,0.55,0.42,0.42,0.97,0.0,0.21,0.66,0.17,0.42,0.3,-0.46,-0.1,-0.55,0.07,-0.15,-0.11,-0.04,-0.12,0.02,0.17,0.23,0.35,0.04,0.32,0.88,0.01,0.51,-0.46,0.52,0.0,0.01,0.0,0.01
0.41,0.3,0.27,0.06,0.18,0.18,0.37,0.46,0.6,0.64,0.28,0.3,0.51,0.53,0.44,0.4,0.16,0.07,0.14,0.69,0.12,0.81,0.88,0.04,0.1,0.27,0.67,0.43,-0.09,-0.37,-0.35,0.0,0.67,0.14,1.5,0.28,0.26,0.09,0.36,0.06,0.96,0.84,1.14,-0.03,-0.01,0.08,0.01,0.04,0.42,0.32,0.27,0.23,0.05,0.47,0.23,0.05,0.05,0.07,-0.01,0.0,0.0,0.0,0.0,0.13,0.0,-0.1,0.01,0.23,0.05,0.07,0.14,0.08,0.14,0.08,1.17,0.0,0.0,0.03,0.03
0.39,0.39,0.39,0.39,0.37,0.36,0.42,0.24,0.25,0.48,-0.07,0.45,0.21,0.64,0.23,0.18,0.41,0.39,0.33,0.26,0.07,-0.01,0.39,0.46,0.27,0.16,0.31,0.53,0.28,1.13,0.13,0.13,0.43,0.38,0.53,0.36,0.47,0.67,0.64,0.26,0.34,0.31,0.44,0.3,0.49,0.5,0.61,0.54,0.58,0.45,0.45,0.35,0.44,0.41,0.39,0.35,0.44,0.46,0.43,0.75,0.43,0.43,0.82,0.29,0.35,0.34,0.42,0.41,0.25,0.91,0.31,0.48,0.51,0.53,0.49,0.37,0.36,0.66,0.57,0.36,0.35,0.41,0.32,0.26,0.25,-1.08,0.63,0.64,0.61,1.15,0.68,0.41,0.19,0.04,0.12,0.0,4.25,0.1,0.32,0.07,0.17,0.17,0.86,0.54,1.94,0.02,0.02,0.0,0.0,0.0,0.0,0.05,0.0,0.0,0.2,0.0,0.02,0.02,0.0,0.0,0.02,0.0,0.0,0.04,0.0,0.39,0.0,0.19,0.04,0.09,0.03,0.0,0.0,0.0,0.0,0.01,0.0,0.0,0.01,0.0,0.0,0.01,0.03,0.15,0.0,0.01,0.0,0.05,0.02,0.0,0.02,0.07,0.0,0.0,0.03,0.02,0.05,0.02,0.02,0.03,0.02,0.02,0.07,0.01,0.07,0.03,0.02,0.02,0.03,0.02,0.03,0.02,0.04,0.03,0.01,0.01,0.12,0.03,0.03,0.03,0.02,0.03,0.03,0.01,0.01,0.02,0.03,0.01,0.0,0.01,0.0,0.0,0.02,0.0,0.03,0.03,0.0,0.0,0.04,0.0,0.0,0.0,0.0,0.03,0.01,0.0,0.0,0.0,0.0,-0.14,0.03,0.17,-0.08,-0.1,-0.15,-0.09,-0.08,-0.08,-0.03,-0.08,-0.09,-0.01,-0.08,-0.07,-0.07,0.02,-0.05,-0.02,0.08,-0.09,-0.07,0.02,0.16,0.0,0.07,0.2,0.24,0.0,0.14,0.0,0.07,0.01,0.03,0.09,0.02,-0.03,-0.03,0.07,0.14,0.08,0.02,-0.03,0.04,0.0,0.11,0.13,-0.29,-0.16,0.02,0.18,0.06,-0.07,0.0,-0.14,0.0,-0.07,0.0,-0.1,-0.02,0.0,-0.04,0.0,-0.04,0.0,0.08,0.03,-0.1,-0.04,0.0,-0.01,-0.03,0.03,0.06,0.04,0.06,0.24,0.05,0.18,0.06,0.0,-0.3,-0.09,0.06,0.21,0.15,0.09,-0.1,0.04,-0.14,-0.08,0.0,0.04,0.0,0.0,-37.94,None,None,None,None
0.44,0.44,0.44,0.35,0.3,0.16,0.13,0.33,0.1,0.33,0.24,0.33,0.26,-0.03,0.28,0.16,0.18,0.22,0.06,-1.06,0.05,-0.06,-0.1,-0.11,0.07,-0.19,-0.26,0.32,0.2,4.86,0.0,0.47,0.0,0.43,0.04,0.69
0.48,0.28,0.2,0.27,0.05,0.21,0.48,0.52,0.53,0.58,0.6,0.56,0.34,0.91,0.21,0.19,0.6,0.75,0.72,0.62,0.94,0.16,0.71,0.4,0.25,0.43,0.3,1.07,0.83,1.57,0.89,-0.22,0.43,0.06,0.0,0.45,0.25,0.17,0.37,0.63,0.13,0.22,0.06,0.34,0.53,0.91,0.34,0.35,0.24,0.19,0.21,0.54,0.12,0.43,0.84,0.4,0.33,0.39,0.49,0.26,0.25,0.27,0.25,0.23,0.23,0.2,0.09,0.26,0.01,-0.01,0.04,0.0,0.0,0.0,0.0,0.05,0.0,0.0,0.01,0.0,-0.01,-0.01,0.03,0.0,0.0,0.0,0.0,0.0,0.0,0.02,0.0,-0.04,0.0,5.22,-0.01,0.0,-0.01,0.01,0.0,0.0,0.0,0.0,0.0,0.0,0.0,0.02,0.0,0.0,0.01,0.0,0.0,0.04,0.0,0.03,0.02,0.0,0.01,0.02
0.47,0.48,0.75,0.54,0.57,0.8,0.58,0.72,0.55,0.35,0.28,0.21,0.09,0.15,0.14,0.57,0.04,0.0,0.0,0.01,0.27,0.1,0.15,0.2,0.11,0.96,0.76,-0.12,-0.38,-0.66,1.2,-1.27,-0.85,-0.79,-0.33,-0.8,-2.74,-0.87,1.6,0.92,0.0,-0.98,0.0,0.35,0.46,-1.41,-0.58,-0.02,-0.09,-0.07,0.18,-0.19,0.15,-0.32,-0.13,-0.86,-0.02,-0.14,0.32,1.6,0.66,1.22,0.71,0.09,1.48,0.21,0.48,0.49,0.59,0.41,0.1,0.37,3.42,-0.37,0.64,0.17,0.09,0.04,0.0,0.0,0.01,0.01,0.0,0.0,0.03,0.08,-0.02,-0.07,-0.15,-0.05,2.13,0.01,0.11,0.0,0.15,0.0,-0.09,0.81,0.0,0.0,0.0,0.0,0.0,0.0,0.0,0.0
0.34,0.34,0.34,0.29,0.32,0.28,0.26,0.33,0.32,0.28,0.32,0.32,0.32,0.08,-0.09,-0.06,0.67,0.08,0.55,0.43,0.43,4.95,0.14,-0.08,0.11,0.1,0.11,0.31,0.2,-0.06,0.02,0.38,0.06,0.14,0.06,0.14,0.17,0.14,0.18,0.12,0.22,0.13,0.19,0.35,0.34,-0.05,-0.11,-0.11,-0.03,0.0,-0.02,0.0,0.04,0.0,0.01,0.05,0.0,0.0,0.0,-0.01,-0.04,0.02,0.07,0.04,0.06,0.04,0.0,0.0,0.02,0.03,0.03,0.01,0.02,0.02,0.02,0.0,0.0,0.0,0.03,0.03,0.01,0.0,0.02,0.01,0.0,0.0,0.0,0.02,0.01,0.01,0.01,0.01,0.05,0.01,0.01,0.0,0.0,0.03,0.01,0.0,0.04,-0.03,-0.02,0.0,0.03,0.01,0.01,0.0,0.0,0.0,0.0,0.0,0.0,0.01,0.0,-0.02,0.01,-0.02,-0.03,-0.03,-0.03,0.0,-0.04,0.0,-0.01,0.0,0.0,0.0,-0.02,0.01,-0.02,-0.02,0.0,0.01,0.0,-0.02,0.0,-0.03,-0.02,0.0,-0.02,0.02,0.0,0.02,0.02,0.0,-0.01,0.04,0.0,-0.07,-0.01,-0.02,-0.09,-0.03,-0.07,0.0,-0.07,-0.03,0.0,0.0,-0.02,-0.04,-0.02,-0.02,-0.05,-0.03,-0.07,0.05,-0.04,0.0,0.0,-0.01,-0.04,-0.01,0.07,-0.02,-0.02,0.0,0.0,0.01,0.01,0.0,0.04,0.0,0.02,0.0,0.0,0.0,0.0,0.01,0.03,0.01,0.06,0.0,0.06,0.02,-0.02,0.07,-0.01,0.0,0.01,-0.02,0.01,0.0,-0.03,0.0,0.03,0.02,0.0,0.03,0.01,0.03,-0.02,0.02,0.01,0.0,0.0,0.0,0.0,0.01,0.02,0.0,0.0,-0.02,-0.03,0.0,0.02,0.03,0.0,-0.01,0.01,0.0,0.02,0.0,0.0,0.03,0.04,0.03,0.01,0.0,0.02,0.03,0.01,0.03,0.03,0.03,0.03,0.03,0.03,0.0,0.0,0.0,0.0,0.0,0.25
0.33,0.59,0.77,0.59,0.25,0.32,0.32,0.35,0.6,0.93,0.77,0.44,0.78,0.6,0.4,0.43,0.27,0.35,0.35,0.53,1.51,0.57,0.85,0.64,0.08,0.14,0.48,0.61,0.39,1.31,0.18,0.39,5.12,3.62,0.33,0.26,0.11,0.25,0.33,0.25,0.2,0.29,0.48,0.26,0.47,0.3,0.3,0.25,0.25,0.09,0.13,0.17,0.09,0.07,0.04,0.06,0.07,0.1,0.14,0.08,0.14,0.07,0.03,0.13,3.56,0.12,0.13,0.18,0.07,0.09,0.13,0.11,0.05,0.18,0.11,0.14,0.12,0.09,0.06,0.21,0.1,0.11,0.28,0.07,0.11,0.09,0.11,0.1,0.07,0.06,0.09,0.12,0.15,0.14,0.05,0.11,0.04,-0.44,-0.39
0.33,0.46,0.46,0.53,1.35,0.58,-0.3,0.58,0.74,0.28,0.2,0.82,0.31,0.16,-0.09,0.16,2.82,1.15,1.08,0.41,0.33,1.0,0.12,0.28,0.37,0.25,0.16,0.17,0.3,0.11,0.4,0.09,0.12,0.15,0.65,0.28,0.26,0.37,0.39,0.37,0.37,0.9,0.61,0.8,0.63,0.2,0.41,0.36,0.33,0.4,0.58,0.23,0.19,0.23,0.19,0.19,0.22,0.18,0.62,0.27,0.21,0.31,0.19,0.2,0.26,0.25,0.12,0.2,0.12,0.35,0.32,0.19,0.21,0.29,0.19,0.38,1.13,0.2,0.22,0.32,0.92,0.21,0.21,0.21,0.2,0.07,0.13,0.1,0.1,0.1,0.1,0.09,0.09,0.1,0.1,0.16,0.19,0.14,0.14,0.14,0.15,0.13,0.04,0.03,-0.02,0.0,-0.03,0.0,0.07,0.16,0.01
0.37,0.37,0.2,0.0,0.13,0.21,0.48,0.37,0.6,0.43,0.69,1.0,0.81,0.86,0.51,0.11,0.56,0.7,0.54,0.5,0.68,0.47,0.82,0.6,0.46,0.21,0.29,0.07,0.25,0.08,0.45,0.92,0.61,0.43,0.58,0.49,0.42,0.34,0.06,0.22,0.18,0.01,0.05,0.22,0.12,-0.13,0.03,2.1,0.14,0.14,0.0,-0.09,-0.09,-0.03,0.0,0.0,0.0,-0.01,-0.03,0.0,0.05,0.05,0.05,0.0,0.26,0.06,0.0,0.06,0.43,0.05,0.05,0.05,0.05,0.04,0.23,0.17,5.69,0.21,0.07,0.07,0.18,0.16,0.15,0.15,0.17,0.32,0.16,0.23,0.23,0.16,0.21,0.21,0.21,0.0,0.0,0.0,0.0,0.07,0.07,0.0,0.0,0.0,0.0,0.0
0.44,0.25,0.17,-0.07,-0.04,0.33,0.45,0.26,0.39,0.6,0.95,0.53,0.14,0.25,0.31,0.98,1.07,1.07,0.89,-0.53,-0.53,-0.46,0.04,0.3,0.36,0.28,0.23,0.16,0.23,0.09,-0.06,-0.02,0.22,0.01,-0.1,-0.03,0.07,0.14,0.12,0.07,0.1,0.08,-0.36,-0.39,-0.21,-0.18,-0.37,-0.13,0.0,0.0,0.0,0.0
0.36,0.64,0.58,0.32,0.67,0.55,-0.47,0.99,-0.01,-0.08,0.1,0.08,0.67,0.28,0.51,0.28,0.39,0.52,4.68,0.35,0.35,0.22,0.23,0.27,0.06,0.11,0.15,0.16,-0.19,0.11,0.03,-0.1,0.07,0.35,6.7,0.09,0.01,0.08,0.01,-0.33,0.0,0.1,0.12,0.01,0.54,0.39,0.24,0.3,0.32,0.21,0.23,0.15,0.17,0.27,0.23,0.23,0.15,0.25,0.08,0.18,0.1,0.14,0.08,0.11,0.07,0.03,0.06,0.0,0.06,0.03,0.03,0.05,0.0,0.05,0.0,0.0,0.02,0.01,0.0,0.02,0.0,0.0,0.0,0.0,0.0,0.06,0.0,0.0,0.0,0.0,0.0,0.01,0.1,0.08,0.04,4.98,0.07,0.07,0.06,0.05,0.07,0.07,0.05,0.06,0.06,0.04,0.08,4.83,0.06,0.06,0.05,0.05,0.04,0.05,0.03,0.13,0.05,0.07,0.14,0.03,0.05,0.07,0.05,0.04,0.08,0.04,0.03,0.07,0.04,0.03,0.03,0.03,0.03,0.05,0.1,0.08,0.05,0.02,0.03,0.04,0.06,0.06,0.06,0.05,0.08,0.07,4.86,0.04,0.05,0.05,0.04,0.04,0.03,0.03,0.02,0.04,0.04,0.04,0.04,0.07,0.03,0.04,0.04,0.04,0.01,0.05,0.04,-0.05
0.33,0.46,0.46,0.53,1.35,0.58,0.75,0.64,0.76,0.43,2.01,0.26,0.3,-0.11,-0.11,-0.04,0.27,-0.17,0.19,0.2,0.03,0.24,0.12,0.24,0.23,0.23,0.71,0.43,0.25,0.77,0.3,0.2,0.64,1.16,0.05,0.67,0.72,0.17,0.27,0.07,-0.25,0.5,-0.27,-0.18,0.44,0.1,0.24,0.0,0.06,0.25,0.12,-0.02,0.14,-0.07,0.02,0.0,0.0,0.0,0.0,0.0,-0.32,-0.27,-0.99,-0.99,-0.32,-0.08,0.0,0.0,0.0,0.0
0.37,0.37,0.37,0.32,0.27,0.4,0.26,0.28,0.34,0.12,0.31,0.21,0.25,0.39,0.35,0.03,0.21,-0.01,0.4,0.35,0.08,0.24,0.06,0.4,0.14,0.17,0.26,0.72,0.34,0.3,0.35,0.22,0.03,4.36,0.32,0.13,1.24,0.38,0.0,0.63,0.87,0.53,0.31,0.29,0.02,0.34,0.0,0.0,0.0,0.0,0.0,0.0,0.15,0.0,0.36,0.36,0.36,0.68,1.11,0.62,0.51,-0.24,-0.19,0.17,0.94,0.22,-0.28,0.08,4.32,-0.03,4.32,0.0,4.32,4.82,-0.06,0.09,-0.1,1.2,0.0,1.2,-0.3,-0.21,-0.02,-0.02,0.03,0.03,0.0,0.0,0.0,0.0,0.0,0.0,0.0
0.29,0.29,0.29,0.3,0.31,0.31,0.31,0.31,0.32,0.34,0.34,0.25,0.24,0.25,0.37,0.39,0.53,0.3,0.32,0.1,0.0,0.16,0.32,0.44,0.14,0.51,1.05,0.26,0.29,0.13,0.33,0.27,0.25,0.3,0.46,0.62,0.25,0.15,-0.07,1.16,0.12,0.11,-0.06,-0.1,-0.06,-0.15,-0.44,0.78,0.46,0.02,-0.04,0.0,4.56,0.4,-0.66,-0.66,-2.33,0.26,-0.87,-0.25,0.0,-0.34,0.01,-0.34,0.0,-0.36,-0.48,-0.31,-0.52,-0.23,-0.7,-0.54,-0.23,-0.34,-0.91,-0.33,-0.32,-0.06,0.28,0.57,-0.39,0.59,0.72,0.13,0.64,0.86,0.27,0.12,0.52,0.48,0.8,0.07,0.05,0.1,0.07,0.07,0.06,0.12,0.04,0.03,0.0,0.0,0.12,0.0,0.0,0.01,0.01,0.01,0.0,0.06,0.02,0.0,0.0,0.02,0.0,0.04,0.01,0.0,-0.04,0.0,0.0,0.02,0.0,0.0,0.01,0.03,0.02,0.0,0.0,0.01,0.01,0.02,0.0,0.0,0.01,0.0,0.0,0.01,0.01,0.1,0.0,0.02,0.0,0.01,0.02,0.01,0.0,0.0,0.0,0.0,-0.04,-0.06,-0.07,-0.06,-0.09,-0.09,-0.07,-0.08,-0.07,-0.06,-0.09,-0.09,-0.08,-0.06,-0.08,-0.07,-0.09,-0.06,-0.08,-0.09,-0.05,-0.07,-0.07,-0.05,-0.06,-0.07,-0.06,-0.05,-0.05,-0.07,-0.05,-0.04,-0.04,-0.04,-0.04,-0.04,-0.05,-0.05,-0.06,-0.05,-0.04,-0.05,-0.03,-0.03,-0.04,-0.05,-0.04,-0.04,-0.03,0.0,0.0,0.0,0.0,0.0,0.0,0.0,0.0,0.0,0.0,-8.26,None
0.24,0.37,0.75,0.34,0.44,0.2,0.95,0.54,0.42,0.41,0.8,1.45,-0.19,0.59,0.83,0.6,0.62,0.32,0.17,0.11,0.25,0.47,0.33,0.15,0.54,0.24,0.36,0.37,0.55,0.14,0.25,0.58,0.48,0.53,0.79,0.62,0.34,0.32,0.16,0.53,0.65,1.0,1.68,1.25,1.21,5.5,1.91,1.3,1.07,0.98,1.11,1.27,1.73,1.49,1.61,0.42,0.46,0.66,1.07,2.04,1.76,0.96,1.28,1.61,1.61,1.67,1.43,0.91,0.87,1.15,2.08,2.01,1.86,0.25,0.74,0.21,1.72,4.47,1.79,3.39,1.84,0.68,0.8,1.14,6.68,2.34,0.09,0.09,0.09,0.1,0.05,0.0,0.0,0.02,0.0,-0.04,0.0,0.08,-0.01,0.01,-0.03,0.17,0.0,-0.04,0.09,0.05,0.0,0.18,0.21,0.1,0.06,0.1,0.11,0.11,0.0,0.15,0.02,0.05,-0.05,-0.1,-0.07,0.0,0.0,0.0,-0.09,0.0,-0.03,-0.1,-0.07,-0.1,-0.07,-0.05,-0.09,-0.06,-0.04,0.0,-0.04,-0.01,-0.04,-0.05,-0.04,0.0,0.0,0.07,0.0,-0.03,-0.07,-0.13,-0.08,-0.01,-0.03,-0.01,-0.03,0.16,-0.04,-0.06,-0.02,0.16,0.01,-0.07,0.06,0.01,0.0,0.0,-0.02,0.02,0.15,0.0
0.23,0.37,0.42,0.36,0.28,0.16,0.15,0.33,0.21,0.16,0.21,0.16,0.2,0.28,0.24,0.08,0.29,0.21,0.16,0.42,0.31,0.32,0.38,0.41,0.16,0.56,0.44,0.05,0.53,0.38,0.23,0.27,0.37,0.23,0.27,0.87,0.88,0.22,0.6,0.59,0.45,0.92,0.26,0.46,0.19,0.28,0.08,0.27,0.28,0.48,0.27,0.24,0.19,0.16,0.15,0.11,0.07,0.0,0.15,0.09,0.01,0.07,0.07,0.07,0.04,-0.05,0.02,0.05,0.07,0.08,-0.02,-0.02,-0.02,0.0,0.2,0.0,0.0,0.0
0.3,0.14,0.19,0.18,0.23,0.3,0.45,0.47,0.76,0.58,0.48,0.44,0.17,0.44,0.55,0.79,0.96,0.38,0.15,0.63,0.9,0.65,0.61,0.16,1.78,-0.67,-0.92,1.48,1.2,1.73,2.89,3.38,2.62,3.14,3.14,3.44,3.85,3.49,2.93,3.1,2.95,3.55,3.46,4.08,5.2,5.82,5.61,5.65,6.82,6.47,6.87,7.23,7.11,7.85,7.89,7.6,8.75,8.75,8.88,38.12,None,None,None
0.23,0.37,0.42,0.33,0.49,0.28,0.05,0.3,0.78,1.0,0.71,0.49,-0.01,0.18,0.13,0.47,-0.36,0.04,0.35,-0.21,-0.21,-0.8,-0.86,3.63,1.21,1.39,0.97,0.17,0.27,1.5,2.15,-0.11,0.74,0.47,-0.01,-0.01,0.11,0.12,-0.09,0.0,0.02,0.03,0.09,0.25,0.07,0.0,0.03,0.05,0.1,0.09,0.15,0.14,1.98,0.05,0.08,0.15,0.09,0.08,0.05,0.06,0.05,0.26,0.39,0.0,0.13,-0.14,0.05,0.05,0.03,0.0,0.04,-0.01,0.0,0.0,0.0,0.0,0.0,0.0,0.01,0.0,-0.01,0.0,0.08,0.03,0.0,0.08,0.06,0.05,0.14,0.06,-0.07,-0.04,-0.42,-0.4
0.3,0.3,0.3,0.3,0.22,0.22,0.25,0.25,0.24,0.39,0.31,0.45,0.46,0.2,0.11,0.62,1.11,0.19,-0.16,-0.03,0.04,0.07,0.1,0.45,0.73,0.14,0.41,0.49,0.81,0.28,0.19,0.16,0.16,0.3,0.42,0.04,0.24,1.1,0.82,0.87,0.76,0.91,0.88,0.53,0.71,0.52,0.46,0.11,4.34,1.29,0.53,0.33,0.48,0.95,0.29,0.5,1.46,0.13,0.01
0.27,0.37,0.42,0.33,0.28,0.91,0.75,0.72,0.31,0.52,0.17,0.09,-0.02,0.04,0.08,0.31,-0.05,0.3,0.17,0.38,-0.11,0.0,0.46,0.7,0.85,-0.13,0.85,0.73,0.73,1.58,-0.05,0.42,1.02,0.34,0.6,0.45,0.24,0.75,0.84,0.68,1.32,0.46,1.48,0.05,0.24,0.52,0.17,0.47,0.32,0.25,0.2,0.31,0.62,0.31,0.71,0.42,0.26,0.53,0.01,0.29,0.1,1.3,0.17,0.13,0.24,1.23,0.25,0.13,0.31,0.3,0.22,0.27,0.07,0.55,0.35,0.28,0.17,0.01,0.0,0.1,0.0,0.02,0.01,0.04,0.05,0.01,0.01,0.13,0.26,0.0
0.29,0.29,0.29,0.29,0.29,0.29,0.29,0.29,0.29,0.34,0.34,0.23,0.17,0.08,-0.08,0.14,0.75,0.12,2.78,0.0,0.0,0.0,0.46,0.28,0.77,1.02,0.31,0.52,-0.51,-0.02,-0.63,1.49,2.55,5.13,1.89,1.09,-0.54,1.66,2.58,1.41,0.88,0.38,0.03,1.43,-0.3,1.42,4.16,0.05,2.06,2.03,1.84,1.58,1.57,1.55,1.48,1.38,1.27,1.66,1.64,1.58,1.25,2.51,2.51,1.61,1.03,2.68,2.74,2.65,3.0,2.87,2.98,2.89,2.86,2.68,2.5,2.78,2.81,2.68,3.7,1.72,3.18,3.92,4.22,5.11,5.09,4.67,34.46,33.97,33.76,33.25,33.16,32.6,32.38,None,None
0.29,0.17,0.19,-0.02,0.3,0.3,0.25,0.28,0.58,0.19,0.5,0.23,-0.12,0.07,0.53,0.3,-0.03,0.58,0.7,0.47,0.76,0.25,0.36,0.48,0.71,0.63,0.59,0.55,0.12,1.2,0.53,0.65,0.85,0.43,0.48,0.65,0.41,0.4,0.58,0.57,0.42,0.46,0.24,0.57,0.48,0.33,0.59,1.58,0.82,0.81,0.96,1.09,3.02,3.22,0.8,0.5,0.56,1.08,1.34,1.28,1.01,1.25,1.28,1.46,1.24,1.34,1.49,1.48,1.3,1.52,1.41,0.71,5.55,2.03,0.1,0.19,0.51,2.06,2.84,0.89,1.62,1.68,3.49,2.93,2.13,2.13,3.01,3.91,5.11,2.69,4.64,6.32,8.77,8.76,34.82,37.96,37.62,None,None
0.29,0.37,0.6,0.07,0.14,0.49,0.53,0.3,0.32,0.57,7.2,0.25,0.46,0.23,0.52,0.71,0.73,0.77,0.59,0.6,0.97,0.65,0.67,0.52,0.53,0.9,-0.17,0.93,0.08,0.57,0.57,0.57,1.8,1.45,0.72,1.91,2.28,0.55,0.55,0.56,0.39,0.39,1.0,0.37,0.53,0.25,0.23,0.35,0.03,0.11,0.11,0.0,0.0
0.29,0.48,0.62,0.17,0.0,0.36,0.53,0.74,0.58,0.87,0.25,1.05,0.43,0.6,0.07,0.26,0.46,0.41,0.1,1.65,0.02,-0.02,0.21,0.12,-1.35,-0.94,-0.76,0.02,0.46,0.24,-0.14,0.21,0.26,0.24,0.57,0.52,0.61,0.15,0.13,0.5,0.17,0.07,1.17,0.2,0.07,0.5,0.19,0.44,0.19,0.01,0.0,-0.06,-0.32,-0.13,-0.16,0.0,-0.19,-0.4,-0.04,-0.21,-0.16,-0.26,-0.33,0.12,-0.07,-0.01,0.0,0.0,0.0,0.06,0.27,0.0,0.0,0.0,0.0,0.0,0.0
0.42,0.48,0.62,0.28,0.19,0.14,0.28,0.53,0.88,0.39,0.39,0.28,0.36,1.21,0.25,0.21,0.22,0.43,0.5,0.43,0.29,0.02,-0.14,0.17,0.05,0.09,0.23,0.46,-0.07,-0.2,-0.51,0.47,0.58,1.13,0.18,1.08,1.32,1.03,0.24,-0.03,0.0,-0.01,0.1,0.09,-0.03,0.13,0.04,0.27,0.15,0.1,-0.09,0.23,0.03,0.23,0.05,0.27,0.17,0.03,0.09,0.03,0.1,0.03,0.22,0.0,0.0,0.05,-0.18,-0.41,-0.43,-0.43,0.0
0.29,0.51,0.62,0.26,0.05,0.33,0.4,0.56,0.42,0.26,0.34,0.21,0.21,0.1,0.17,0.4,0.3,0.53,0.51,0.17,-0.13,0.14,0.0,0.15,0.29,4.76,0.5,0.15,0.12,-0.08,-0.37,0.08,0.65,0.21,0.39,0.0,0.39,0.0,0.39
0.34,0.19,0.2,-0.02,0.01,0.25,0.31,0.3,0.62,0.65,1.07,1.04,0.26,0.34,0.32,0.7,0.32,0.52,0.82,0.91,0.59,0.9,0.32,1.08,-0.05,0.66,0.44,0.75,0.5,-0.23,0.67,0.67,0.46,0.06,0.21,0.28,0.47,0.31,0.5,0.48,0.22,4.72,3.92,0.22,0.22,0.34,0.27,0.55,0.35,0.18,1.67,0.08,0.17,0.1,0.17,0.38,0.16,0.16,0.1,0.08,0.12,0.1,0.15,0.13,0.06,3.42,0.22,0.09,0.13,1.06,0.25,0.14,0.27,0.09,0.12,0.13,0.09,0.1,0.13,0.09,0.06,0.07,0.07,0.1,0.07,0.04,0.04,0.07,0.1,0.05,0.04,0.11,0.07,0.11,0.18,0.05,0.04,0.04,0.1,0.13,0.16,0.03,0.07,0.02,0.09,0.0,0.01,0.01,0.03,0.1,0.04,0.09,0.05,0.1,1.14,0.23,0.01,0.01,-0.03,0.0,-0.03,0.0,0.06,0.04,0.01,0.05,0.03,0.02,0.03,0.06,0.03,0.04,0.03,-0.07
0.29,0.59,0.69,0.34,0.61,0.28,-0.18,-0.11,-0.01,0.1,0.1,0.19,0.54,0.28,0.34,0.51,0.17,0.5,0.48,0.33,0.19,0.47,0.48,0.48,0.28,0.32,-0.01,0.46,-0.06,0.06,0.05,0.01,0.0,0.11,0.09,0.12,0.28,0.27,0.37,0.19,0.7,-0.26,0.72,0.47,-0.14,-0.14,2.25,1.86,2.5,3.54,3.81,4.35,4.27,4.78,5.2,4.77,4.72,4.42,5.31,5.46,5.46,4.94,5.66,5.8,5.74,6.13,6.13,6.06,6.37,6.52,6.22,6.87,6.73,6.63,6.94,5.79,5.94,6.0,6.0,4.8,7.97,35.93,35.74,35.96,43.18,42.67,42.67,None
0.29,0.4,0.52,0.42,0.82,0.27,0.55,0.42,0.59,0.45,0.11,0.26,0.68,0.55,0.57,0.48,0.69,0.45,0.53,0.28,0.08,0.03,-3.76,0.27,0.25,0.34,0.32,0.09,0.19,0.14,0.15,0.19,0.23,0.15,0.25,0.11,0.06,0.07,0.07,0.07,0.09,0.41,0.06,0.04,0.1,0.1,0.14,0.14,0.78,0.45,0.25,0.33,0.21,0.14,0.09,0.13,0.16,0.18,0.07,0.04,0.09,0.22,0.13,0.11,0.15,0.12,0.12,0.19,0.19,-0.05,1.0,4.69,0.24,0.03,0.1,0.08,0.3,0.29,0.36,0.32,0.14,0.06,0.1,0.06,0.0,0.0,0.0,0.0,0.0,0.0
0.28,0.08,0.19,-0.03,-0.06,0.22,0.46,0.62,0.6,0.63,0.25,1.38,0.2,0.08,0.21,0.04,0.0,0.32,0.23,0.11,0.04,0.31,0.15,0.41,0.19,0.2,0.09,0.29,0.03,0.46,0.0,0.07,-0.26,0.41,-0.59,-0.61,0.49,-0.39,-0.59,-0.92,0.49,-0.48,-0.59,0.04,-0.97,-0.73,-1.17,-1.15,-1.64,-1.29,-0.81,-1.31,-2.62,-2.31,-1.61,-1.95,-2.62,-3.39,-3.62,-3.49,-3.73,-3.84,-3.45,-4.44,-5.96,-4.55,-6.18,-6.45,-4.87,-37.41,-4.8,None
0.29,0.4,0.79,0.7,0.62,0.35,0.39,0.71,0.96,0.47,0.19,0.7,0.99,0.72,0.88,0.61,2.26,1.02,0.23,0.15,0.32,0.04,0.18,0.19,0.31,0.06,-0.05,0.05,-0.02,-0.09,-0.06,0.02,0.12,0.04,0.07,0.01,0.05,0.08,0.07,0.0,-0.03,0.0,0.41,0.0,-0.07,0.0,0.0,0.3,0.03,0.0,0.0,0.0,0.0,0.0,0.04,0.0,0.04,0.0
0.29,0.35,0.23,0.08,0.03,0.27,0.37,0.43,0.34,0.34,0.43,1.2,0.59,0.25,0.67,0.17,0.02,0.42,0.35,0.28,0.33,0.24,0.35,0.28,0.26,0.56,0.19,0.17,0.04,0.0,-0.03,0.27,0.5,0.43,0.41,0.49,1.26,0.64,2.28,0.32,0.12,0.12,0.02,0.09,0.14,0.14,0.2,0.15,0.01,0.12,0.13,0.04,0.16,0.22,0.04,0.0,0.16,0.04,0.02,-0.23,-0.19,0.0,0.0,0.0,0.0,0.0,0.0
0.33,0.46,0.46,0.53,1.35,0.58,-0.3,0.58,0.91,0.2,0.36,0.33,0.21,0.15,0.23,0.35,1.1,0.31,0.24,0.11,0.35,0.0,0.21,0.21,0.17,0.14,0.22,0.14,-0.05,0.0,0.14,0.27,0.01,0.04,0.0,0.38,0.03,0.07,0.11,0.09,0.04,0.08,0.17,0.12,0.14,0.13,0.16,0.13,0.05,0.14,0.09,0.11,0.06,0.02,0.09,0.07,0.06,-0.02,0.09,0.07,0.12,0.06,0.06,0.01,0.1,0.08,0.0,0.02,0.03,0.05,0.12,0.06,0.01,0.13,0.05,0.07,0.0,0.0,0.02,0.0,0.06,0.04,0.0,0.0,0.0,0.12,0.04,0.03,0.05,0.03,0.04,0.03,0.01,0.06,0.02,0.05,0.04
0.29,0.34,0.33,0.45,0.75,0.21,0.89,0.89,0.43,0.2,0.22,-0.06,0.34,0.18,0.26,0.3,0.25,0.32,0.47,0.2,0.29,-0.07,0.13,0.0,0.25,0.25,0.1,0.07,0.13,0.01,0.06,-0.23,-0.12,0.21,-0.35,-1.32,0.32,-0.06,0.09,-0.06,0.09,0.21,0.19,0.0,0.0,0.84,0.1,0.05,0.03,0.04,0.1,0.05,0.01,0.0,0.0
0.31,0.32,0.07,0.22,0.21,-0.09,0.17,0.67,0.39,0.29,0.02,0.49,0.39,0.65,0.38,0.36,0.43,0.43,0.28,0.8,0.51,0.73,0.42,0.32,0.61,0.7,0.64,0.89,0.58,1.07,0.93,1.28,1.71,2.61,1.42,1.11,1.1,1.35,1.43,2.21,2.18,2.86,2.86,1.59,1.83,2.26,1.7,1.64,2.7,1.98,2.22,2.54,2.75,2.2,2.57,2.99,3.26,3.29,2.78,3.1,3.22,3.8,3.92,4.33,4.62,4.74,5.9,6.26,5.93,6.3,6.3,5.97,6.21,7.38,6.29,8.38,8.39,8.34,7.53,8.14,8.67,9.66,34.93,41.64,41.25,41.09,None,None
0.34,0.48,0.29,0.2,0.13,0.17,0.1,0.59,0.2,0.1,0.37,-0.01,0.56,0.22,0.87,0.09,0.58,0.14,0.21,0.91,0.76,0.97,0.46,0.35,0.52,0.51,0.3,1.35,1.16,1.89,0.79,2.38,1.34,1.97,1.53,0.47,0.03,0.0,0.03,0.01,0.16,0.07,0.28,0.42,0.36,0.1,0.18,0.21,0.09,0.12,0.13,0.14,0.11,0.14,0.13,0.08,0.13,0.09,0.06,0.13,0.12,0.09,0.12,0.13,0.1,0.13,0.14,0.1,0.17,0.08,0.12,0.1,0.1,0.13,0.07,4.08,0.08,0.11,0.07,0.07,0.09,0.13,0.12,0.12,0.1,0.18,0.07,0.07,0.06,0.04,0.08,1.52,1.35,0.19,0.09,0.15,0.13,0.17,0.19,0.17,0.1,0.13,0.22,0.12,0.25,0.11,0.11,0.1,3.64,0.14,0.1,0.12,0.16,0.13,0.13,0.12,0.14,0.09,0.14,0.12,0.08,0.08,0.1,4.87,0.19,0.11,0.1,0.09,0.05,0.07,0.3,0.12,0.07,0.34,0.45,0.1,0.07,0.07,0.07,0.16,0.07,0.12,0.09,0.07,0.15,0.03,0.03,0.03,0.03,0.04,0.05,0.1,0.1,0.07,0.07,0.0,0.02,0.05,0.04,0.05,0.04,0.04,0.02,0.1,0.12,0.12,0.02,0.02,0.19,0.29,0.0,-0.09,0.0,0.0,-0.08,0.07,0.04,0.07,-0.05,-0.02,-0.07,-0.07,-0.01,-0.02,0.0,0.0,0.0,0.0,0.0,0.0,0.03,0.0
0.32,0.0,0.13,0.07,0.21,0.02,0.43,0.29,0.77,0.47,0.37,0.35,0.08,0.25,0.36,0.47,0.6,0.68,1.27,0.75,0.19,0.26,0.24,0.04,0.22,0.35,0.74,0.2,0.24,0.19,0.9,0.44,0.76,0.7,0.72,1.09,1.0,0.87,1.26,1.57,1.61,1.71,2.24,2.34,2.4,2.59,2.75,2.06,2.78,3.14,4.18,3.7,3.94,3.81,4.5,4.69,4.66,4.25,4.93,4.0,4.69,5.04,5.43,5.25,4.96,6.39,6.2,5.99,7.19,6.26,6.6,6.31,6.98,6.9,7.49,8.69,8.29,9.37,9.75,40.61,40.67,40.89,None,None
0.32,0.32,0.46,0.65,0.58,0.72,0.91,1.04,0.44,0.1,0.67,0.94,0.59,0.59,0.59,0.03,-0.05,0.3,0.1,0.08,0.75,0.09,-0.95,1.15,0.34,0.15,0.59,0.46,0.48,0.67,0.82,1.25,0.55,1.21,-2.09,0.5,0.47,0.3,0.67,0.27,2.43,0.15,0.23,0.1,0.08,0.11,0.37,0.25,0.0,0.03,0.01,0.01,0.0,0.07,0.0,0.01,1.77,0.0,0.0,0.03,0.0,0.0,0.01,0.02,0.02,0.0,0.0,0.02,0.0,0.03,0.02,0.01,0.0,0.0,0.02,0.0,0.01,0.0,0.07,0.01,0.0,0.0,0.0,0.0,0.0,0.0,0.0,0.0,0.0,0.0,0.0,0.0,0.0,0.01,0.0,0.0,5.52,0.05,0.0,0.0,0.0,0.0,0.01,0.0,0.01,0.0,0.02,0.01,0.0,0.0,0.0,0.0,0.0,0.0,0.0,0.0,-5.6,-5.54,-5.12,-4.95,-5.18,-4.84,-5.15,-5.06,-5.01,-5.02,-4.37,-4.37,-5.32,None,None
0.28,0.04,0.07,0.08,0.29,0.22,0.53,0.41,0.61,0.37,0.69,0.79,0.65,0.33,0.51,0.03,0.02,0.31,0.3,0.29,0.19,0.18,0.12,0.26,0.24,0.28,0.18,0.11,0.1,0.27,-0.05,0.21,0.36,0.39,0.34,0.2,0.25,0.32,0.32,0.42,0.18,0.17,0.15,0.13,0.18,0.29,0.47,0.73,0.22,0.45,0.27,0.02,0.26,0.17,0.19,0.21,0.2,0.22,0.87,0.46,0.43,0.64,0.01,0.18,0.0,0.22,0.08,0.25,0.07,0.03,0.07,0.09,0.2,0.05,0.61,0.04,0.03,0.01,0.0,0.07,0.02,3.42,0.19,0.05,0.19,-0.01,0.04,0.05,0.09,0.06,0.07,0.14,0.0,0.01,0.04,0.36,0.11,0.03,0.07,0.07,0.05,0.06,0.09,0.08,0.07,0.2,0.02,0.01,0.01,0.05,0.01,0.01,0.0,0.0,0.06,0.0,0.06,0.04,0.05,0.08,0.03,0.03,0.07,0.01,0.01,0.0,0.0,0.01,0.0,0.01,0.02,0.03,0.0,0.0,0.01,-0.01,0.0,0.0,0.01,0.0,0.0,0.34,-0.02,0.34,0.0,0.0,0.0,0.0,0.0,0.03,0.0,0.0,0.0,0.0,-0.01,0.0,-0.01,0.0,0.05,0.1,0.03,0.06,0.05,0.03,0.03,0.03,0.01,0.01,0.02,0.02,0.05,0.03,0.03,0.0,0.34,0.03,0.0,0.01,0.03,0.03,0.02,0.03,0.0,0.01,0.01,0.03,0.07,0.01,0.03,0.03,0.04,-0.02,-0.03,0.0,0.02,0.22,0.25,0.11,0.11,0.11,0.17,0.01,0.14,0.03,0.02,0.25,0.0,0.0
0.28,0.56,0.48,0.01,0.6,0.41,0.24,-0.19,1.44,0.83,0.82,0.37,0.69,0.69,0.17,0.02,0.12,0.16,-0.03,0.11,0.0,0.3,0.0,-0.12,-0.02,0.0,0.08,0.1,0.1,-0.03,0.03,0.03,0.06,0.01,0.01,0.03,0.06,0.03,0.05,0.06,0.06,0.04,0.04,0.02,0.07,0.08,0.05,0.07,0.17,0.1,0.21,0.27,0.08,0.1,0.01,0.02,0.0,0.02,0.01,0.0,0.0,0.03,0.0,0.03,0.04,0.02,0.04,0.05,0.0,0.01,0.03,0.03,0.03,0.04,0.02,0.03,0.03,0.09,0.06,0.09,0.04,0.04,0.08,0.03,0.06,0.05,0.05,0.06,0.04,0.1,0.03,0.03,0.03,0.03,0.0,0.0,0.02,0.05,0.01,0.07,0.12,0.03,0.06,-0.06,-0.01,0.1,0.1,0.14,0.23,0.29,0.29,0.0,0.08,0.03,0.06,0.0,-0.01,0.01,0.0,0.0,0.01
0.32,0.32,0.39,0.48,0.42,0.44,0.73,0.48,0.07,0.14,0.72,1.32,0.14,0.44,-0.21,1.66,0.26,1.07,1.32,0.89,0.46,-0.89,-1.11,-0.86,-1.46,-0.46,1.18,1.33,1.79,1.62,0.19,0.93,0.78,1.5,1.69,1.75,2.24,2.84,2.42,2.49,3.38,3.26,4.12,4.57,4.44,4.66,4.74,4.5,5.51,6.15,6.72,6.91,6.77,6.3,6.05,6.18,6.75,7.7,8.36,8.36,8.57,8.5,8.35,8.34,8.61,7.1,7.1,7.14,7.25,6.06,6.16,6.28,None
0.32,0.36,0.38,0.17,0.13,0.12,0.09,0.21,0.29,-0.01,0.21,0.72,0.24,0.34,0.37,0.42,0.69,0.41,0.29,0.22,0.3,0.21,0.34,0.25,0.27,0.46,0.5,1.04,0.83,1.21,0.51,0.54,0.48,0.33,1.12,0.57,0.52,5.39,0.48,0.49,0.56,0.35,0.5,0.25,0.5,0.3,0.32,0.34,0.39,0.14,0.14,0.45,0.11,0.14,0.09,0.08,0.08,0.14,0.1,0.03,0.16,0.12,0.09,0.07,0.04,0.02,0.0,-0.15
0.39,0.07,0.1,0.08,0.31,0.23,0.3,0.41,0.46,0.23,3.99,1.03,0.28,0.41,0.7,0.39,0.03,0.04,0.37,-0.15,-0.07,0.32,0.32,0.34,0.42,0.32,0.26,0.3,0.29,0.29,0.25,0.16,0.36,0.39,0.38,0.5,1.09,0.32,0.53,0.39,0.26,0.33,0.35,0.27,0.21,0.08,0.19,0.25,0.04,0.13,0.1,0.14,0.07,1.21,0.18,0.05,0.06,0.11,0.1,0.0,0.14,0.06,0.03,0.07,0.17,0.86,0.05,-0.02,0.09,0.06,0.07,0.02,0.04,0.12,0.07,0.17,0.17,0.09,1.73,0.18,0.56,0.1,0.17,0.13,0.13,0.1,0.17,1.45,0.13,0.17,0.42,0.2,0.03,0.0,0.0,-2.31,0.28,-2.94,-3.37,-3.02,-2.89,-3.61,-4.05,-2.87,-3.0,-3.25,-3.23,-3.39,-3.42,-4.28,-4.74,-5.92,-5.36,-6.41,-6.92,-7.0,-7.25,-5.12,-6.42,-6.48,-7.5,-36.6,-8.29,-8.0,-7.24,-41.16,-6.9
0.34,0.57,0.78,0.27,0.4,0.57,-0.6,-0.35,-0.01,0.1,0.1,0.08,0.4,0.29,0.51,0.0,0.44,0.12,0.26,0.2,0.03,0.11,0.25,0.35,0.28,0.23,0.29,0.07,0.75,0.23,-1.3,0.0,0.0,-0.01,-0.05,-0.11,0.03,0.09,0.01,0.0,0.43,0.43,0.0,0.83,1.37,0.84,-0.37,-0.22,-0.42,0.21,0.29,0.93,1.28,0.52,0.33,0.0,0.0,0.0,-0.93,-0.08,-0.27,-0.34,0.0,0.0,0.0,0.0,0.0
0.43,0.45,0.53,0.82,0.77,0.49,0.62,0.67,0.68,0.48,0.48,0.56,0.45,1.01,1.01,1.17,0.34,0.38,0.5,0.15,0.07,0.37,0.66,0.3,0.33,0.35,0.5,0.46,0.49,0.56,-0.14,0.53,0.24,0.15,0.57,0.48,-0.35,-0.14,-0.09,0.32,0.39,-0.1,-0.26,-0.07,0.16,-0.01,0.3,0.0,0.0,0.0,0.0,0.0,0.0,0.0,0.71,0.0,0.25,0.0,0.11,0.2,-0.26,0.01,-0.11,0.02,0.12,0.0,0.12,0.07,0.06,0.06,0.15,0.07,0.17,0.13,0.14,0.12,0.25,0.13,0.13,0.17,0.19,0.3,0.41,0.31,0.75,0.34,0.29,0.2,0.08,0.19,0.17,0.03,0.0,0.0,5.69,0.0,0.1,0.0,0.07,0.0,0.0,0.0,0.0,0.0
0.33,0.46,0.46,0.53,1.35,0.58,0.75,0.64,0.76,0.43,2.01,0.26,0.47,0.68,0.53,0.45,0.22,-0.32,0.07,0.07,0.1,0.0,0.25,0.62,0.04,0.11,0.02,-0.05,-0.1,0.43,-0.11,-0.31,-1.01,-0.01,-0.08,-0.13,-0.05,4.87,0.5,3.99,0.5,0.27,0.57,0.69,0.74,0.47,0.71,0.64,0.23,0.21,0.12,0.42,0.25,0.16,0.27,0.25,0.02,0.03,0.05,0.99,1.48,5.01,0.43,5.26,6.11,0.25,-0.25,0.59,0.07,0.0,-0.01,0.01,0.03,0.0,0.28,0.07,0.0,0.29,0.2,0.06,-0.04,-0.11,0.0,0.0,0.0,0.0,0.06,0.12,0.06,0.07,0.07,0.03,0.0,0.01,0.04,0.0,0.02,-0.06,0.0,-0.04,-0.03,0.0,-0.05,-0.05,-0.05,-0.04,-0.03,-0.05,-0.03,-0.04,0.0,0.02,0.02,0.02,0.03,0.03,0.02,0.02,0.02,0.03,0.05,0.09,0.06,0.09
0.31,0.47,0.45,0.5,0.41,0.63,-0.02,1.02,0.04,0.19,1.22,0.21,0.31,0.78,3.53,2.71,-0.53,-1.12,0.11,-0.26,-0.64,-0.1,0.65,0.26,2.77,1.76,-0.33,-1.04,-0.92,-0.8,-0.6,-0.49,-0.47,-0.16,-0.05,1.22,-0.48,-0.07,0.03,-0.09,-0.14,0.0,-0.17,1.27,0.14,1.47,0.5,1.03,0.13,0.54,0.55,0.29,2.02,2.02,4.07,1.71,2.38,1.24,1.69,0.97,1.23,2.71,1.3,1.48,1.94,2.32,2.78,2.22,0.99,2.03,1.57,1.5,1.94,2.16,2.55,3.1,3.23,3.1,3.19,3.09,3.07,2.79,2.98,2.98,2.96,2.87,2.9,2.9,3.17,3.24,3.51,3.98,3.98,3.24,3.27,3.35,3.39,3.3,3.5,3.56,3.51,3.54,3.68,3.71,3.46,3.61,3.66,4.13,4.32,3.72,4.23,5.62,4.12,3.96,4.32,4.32,4.33,4.57,4.53,4.26,34.87,None,None
